control_step,sim_time_s,dt_s,segment,segment_step,history_step,reset_marker,raw_command_v_mps,raw_command_omega_radps,effective_command_v_mps,effective_command_omega_radps,wall_blocked,collision_flag,pre_x,pre_y,pre_yaw,write_x,write_y,write_yaw,post_x,post_y,post_yaw,roll_before,pitch_before,roll_after,pitch_after,actual_world_vx_mps,actual_world_vy_mps,actual_forward_v_mps,actual_lateral_v_mps,actual_omega_radps,expected_world_vx_mps,expected_world_vy_mps,linear_vector_error_mps,angular_error_radps,wheel_joint_names,wheel_target_radps,wheel_actual_radps
0,0.04,0.04,01_stop,1,,False,0.0,0.0,0.0,0.0,False,False,-4.27500057220459,-3.0249998569488525,-2.334197205485953,-4.27500057220459,-3.0249998569488525,-2.334197205485953,-4.275212287902832,-3.025228977203369,-2.334061882371391,0.0,0.0,-2.6975868547608145e-05,-0.0015315944668105265,-0.0052928924560546875,-0.005728006362915039,0.007797834339381665,0.00013618759310559357,0.0033830778640608905,-0.0,-0.0,0.007799023493037818,0.0033830778640608905,"[""joint_wheel_left"", ""joint_wheel_right""]","[0.0, 0.0]","[0.007817849516868591, -0.024097993969917297]"
1,0.08,0.04,01_stop,2,,False,0.0,0.0,0.0,0.0,False,False,-4.275212287902832,-3.025228977203369,-2.334061882371391,-4.275212287902832,-3.025228977203369,-2.334061882371391,-4.275214195251465,-3.0252301692962646,-2.3341953980570764,-2.6975868547608145e-05,-0.0015315944668105265,-2.8320795526647707e-05,-0.0015281734511808347,-4.76837158203125e-05,-2.9802322387695312e-05,5.449766083216505e-05,-1.3853524387488904e-05,-0.0033378921421411967,-0.0,-0.0,5.623090941939714e-05,0.0033378921421411967,"[""joint_wheel_left"", ""joint_wheel_right""]","[0.0, 0.0]","[0.016574382781982422, -0.026669561862945557]"
2,0.12,0.04,01_stop,3,,False,0.0,0.0,0.0,0.0,False,False,-4.275214195251465,-3.0252301692962646,-2.3341953980570764,-4.275214195251465,-3.0252301692962646,-2.3341953980570764,-4.275216102600098,-3.025233030319214,-2.3341549507507144,-2.8320795526647707e-05,-0.0015281734511808347,-2.825610033771692e-05,-0.0015285193654788328,-4.76837158203125e-05,-7.152557373046875e-05,8.464414750051343e-05,1.5000424854528937e-05,0.0010111826590497586,-0.0,-0.0,8.596304119739507e-05,0.0010111826590497586,"[""joint_wheel_left"", ""joint_wheel_right""]","[0.0, 0.0]","[0.010150089859962463, -0.01786307990550995]"
3,0.16,0.04,01_stop,4,,False,0.0,0.0,0.0,0.0,False,False,-4.275216102600098,-3.025233030319214,-2.3341549507507144,-4.275216102600098,-3.025233030319214,-2.3341549507507144,-4.275218963623047,-3.025235891342163,-2.33416273680129,-2.825610033771692e-05,-0.0015285193654788328,-2.8705316086645143e-05,-0.0015283749787993286,-7.152557373046875e-05,-7.152557373046875e-05,0.00010112787046263858,-2.229172635135003e-06,-0.00019465126438467095,-0.0,-0.0,0.00010115243642614568,0.00019465126438467095,"[""joint_wheel_left"", ""joint_wheel_right""]","[0.0, 0.0]","[0.012576177716255188, -0.021187618374824524]"
4,0.2,0.04,01_stop,5,,False,0.0,0.0,0.0,0.0,False,False,-4.275218963623047,-3.025235891342163,-2.33416273680129,-4.275218963623047,-3.025235891342163,-2.33416273680129,-4.275222301483154,-3.0252389907836914,-2.334162093576727,-2.8705316086645143e-05,-0.0015283749787993286,-2.842293530614802e-05,-0.0015282590412771726,-8.344650268554688e-05,-7.748603820800781e-05,0.00011367602440767908,-6.720595396731961e-06,1.6080614073654687e-05,-0.0,-0.0,0.00011387451395119905,1.6080614073654687e-05,"[""joint_wheel_left"", ""joint_wheel_right""]","[0.0, 0.0]","[0.01191394031047821, -0.02050614356994629]"
5,0.24,0.04,01_stop,6,,False,0.0,0.0,0.0,0.0,False,False,-4.275222301483154,-3.0252389907836914,-2.334162093576727,-4.275222301483154,-3.0252389907836914,-2.334162093576727,-4.275224208831787,-3.0252418518066406,-2.3341635698496095,-2.842293530614802e-05,-0.0015282590412771726,-2.8287227525446822e-05,-0.0015281545989153597,-4.76837158203125e-05,-7.152557373046875e-05,8.464464703492497e-05,1.4997605816863166e-05,-3.69068220651414e-05,-0.0,-0.0,8.596304119739507e-05,3.69068220651414e-05,"[""joint_wheel_left"", ""joint_wheel_right""]","[0.0, 0.0]","[0.011897802352905273, -0.02036745846271515]"
6,0.28,0.04,01_stop,7,,False,0.0,0.0,0.0,0.0,False,False,-4.275224208831787,-3.0252418518066406,-2.3341635698496095,-4.275224208831787,-3.0252418518066406,-2.3341635698496095,-4.275226593017578,-3.0252444744110107,-2.334163166649847,-2.8287227525446822e-05,-0.0015281545989153597,-2.8099024262807153e-05,-0.0015287333908294153,-5.9604644775390625e-05,-6.556510925292969e-05,8.857974933846292e-05,2.2638986912372133e-06,1.007999406166249e-05,-0.0,-0.0,8.860867468904557e-05,1.007999406166249e-05,"[""joint_wheel_left"", ""joint_wheel_right""]","[0.0, 0.0]","[0.01168811321258545, -0.0201595276594162]"
7,0.32,0.04,01_stop,8,,False,0.0,0.0,0.0,0.0,False,False,-4.275226593017578,-3.0252444744110107,-2.334163166649847,-4.275226593017578,-3.0252444744110107,-2.334163166649847,-4.2752299308776855,-3.0252466201782227,-2.334163683902083,-2.8099024262807153e-05,-0.0015287333908294153,-2.8088053620129495e-05,-0.0015285564371793777,-8.344650268554688e-05,-5.364418029785156e-05,9.644998887108023e-05,-2.3203804365790657e-05,-1.2931305903851609e-05,-0.0,-0.0,9.920189963038706e-05,1.2931305903851609e-05,"[""joint_wheel_left"", ""joint_wheel_right""]","[0.0, 0.0]","[0.011963441967964172, -0.02046927809715271]"
8,0.36,0.04,01_stop,9,,False,0.0,0.0,0.0,0.0,False,False,-4.2752299308776855,-3.0252466201782227,-2.334163683902083,-4.2752299308776855,-3.0252466201782227,-2.334163683902083,-4.275231838226318,-3.02524995803833,-2.334161500250404,-2.8088053620129495e-05,-0.0015285564371793777,-2.8489289373517876e-05,-0.001527986422770536,-4.76837158203125e-05,-8.344650268554688e-05,9.325763813345628e-05,2.3239373800742196e-05,5.459129197582513e-05,-0.0,-0.0,9.610960183499514e-05,5.459129197582513e-05,"[""joint_wheel_left"", ""joint_wheel_right""]","[0.0, 0.0]","[0.011734753847122192, -0.020137488842010498]"
9,0.4,0.04,01_stop,10,,False,0.0,0.0,0.0,0.0,False,False,-4.275231838226318,-3.02524995803833,-2.334161500250404,-4.275231838226318,-3.02524995803833,-2.334161500250404,-4.275234699249268,-3.0252525806427,-2.3341637974985225,-2.8489289373517876e-05,-0.001527986422770536,-2.8298212536541913e-05,-0.001528684295287877,-7.152557373046875e-05,-6.556510925292969e-05,9.68213685871615e-05,-6.349317579893647e-06,-5.743120295997883e-05,-0.0,-0.0,9.702933189928356e-05,5.743120295997883e-05,"[""joint_wheel_left"", ""joint_wheel_right""]","[0.0, 0.0]","[0.011946648359298706, -0.020375266671180725]"
10,0.44,0.04,01_stop,11,,False,0.0,0.0,0.0,0.0,False,False,-4.275234699249268,-3.0252525806427,-2.3341637974985225,-4.275234699249268,-3.0252525806427,-2.3341637974985225,-4.275237560272217,-3.0252556800842285,-2.3341623839238568,-2.8298212536541913e-05,-0.001528684295287877,-2.816432989974798e-05,-0.001528602673416851,-7.152557373046875e-05,-7.748603820800781e-05,0.00010543439718635478,1.8925391926072379e-06,3.533936664412707e-05,-0.0,-0.0,0.0001054513812837251,3.533936664412707e-05,"[""joint_wheel_left"", ""joint_wheel_right""]","[0.0, 0.0]","[0.011782348155975342, -0.02034054696559906]"
11,0.48,0.04,01_stop,12,,False,0.0,0.0,0.0,0.0,False,False,-4.275237560272217,-3.0252556800842285,-2.3341623839238568,-4.275237560272217,-3.0252556800842285,-2.3341623839238568,-4.275240421295166,-3.0252585411071777,-2.334162181630375,-2.816432989974798e-05,-0.001528602673416851,-2.8596154425608028e-05,-0.0015283399731734423,-7.152557373046875e-05,-7.152557373046875e-05,0.00010112788702967097,-2.228420934102766e-06,5.057337049141353e-06,-0.0,-0.0,0.00010115243642614568,5.057337049141353e-06,"[""joint_wheel_left"", ""joint_wheel_right""]","[0.0, 0.0]","[0.012031972408294678, -0.020733237266540527]"
12,0.52,0.04,01_stop,13,,False,0.0,0.0,0.0,0.0,False,False,-4.275240421295166,-3.0252585411071777,-2.334162181630375,-4.275240421295166,-3.0252585411071777,-2.334162181630375,-4.27524471282959,-3.0252621173858643,-2.3341617905167795,-2.8596154425608028e-05,-0.0015283399731734423,-2.8532515949830173e-05,-0.001528602923062532,-0.00010728836059570312,-8.940696716308594e-05,0.00013877228887199968,-1.5705092735830015e-05,9.777839882207928e-06,-0.0,-0.0,0.00013965814726185776,9.777839882207928e-06,"[""joint_wheel_left"", ""joint_wheel_right""]","[0.0, 0.0]","[0.011929988861083984, -0.020490214228630066]"
13,0.56,0.04,01_stop,14,,False,0.0,0.0,0.0,0.0,False,False,-4.27524471282959,-3.0252621173858643,-2.3341617905167795,-4.27524471282959,-3.0252621173858643,-2.3341617905167795,-4.2752461433410645,-3.0252647399902344,-2.3341633177306544,-2.8532515949830173e-05,-0.001528602923062532,-2.8527789087334685e-05,-0.0015284038766620856,-3.5762786865234375e-05,-6.556510925292969e-05,7.209651923935427e-05,1.9489802186944e-05,-3.818034687297355e-05,-0.0,-0.0,7.468440584028761e-05,3.818034687297355e-05,"[""joint_wheel_left"", ""joint_wheel_right""]","[0.0, 0.0]","[0.012053892016410828, -0.020458132028579712]"
14,0.6,0.04,01_stop,15,,False,0.0,0.0,0.0,0.0,False,False,-4.2752461433410645,-3.0252647399902344,-2.3341633177306544,-4.2752461433410645,-3.0252647399902344,-2.3341633177306544,-4.27524995803833,-3.025268077850342,-2.3341611217908493,-2.8527789087334685e-05,-0.0015284038766620856,-2.861220292811419e-05,-0.001529075246243383,-9.5367431640625e-05,-8.344650268554688e-05,0.00012622416751316076,-1.1212732217786946e-05,5.489849512763101e-05,-0.0,-0.0,0.00012672121301573097,5.489849512763101e-05,"[""joint_wheel_left"", ""joint_wheel_right""]","[0.0, 0.0]","[0.011980444192886353, -0.020507529377937317]"
15,0.64,0.04,02_slow_straight,1,,False,0.2,0.0,0.20000000298023224,0.0,False,False,-4.27524995803833,-3.025268077850342,-2.3341611217908493,-4.280780792236328,-3.03104829788208,-2.3341609455089283,-4.280561923980713,-3.0308127403259277,-2.3337072556884606,-2.861220292811419e-05,-0.001529075246243383,-1.802438847962423e-05,-0.0016078872839108086,-0.1327991485595703,-0.13861656188964844,0.191963933296324,-0.00011576553044756466,0.01134665255971834,-0.13827129509297043,-0.1445027686426997,0.008036903484717804,0.01134665255971834,"[""joint_wheel_left"", ""joint_wheel_right""]","[0.0, 0.0]","[-0.01260344684123993, -0.013803556561470032]"
16,0.68,0.04,02_slow_straight,2,,False,0.2,0.0,0.20000000298023224,0.0,False,False,-4.280561923980713,-3.0308127403259277,-2.3337072556884606,-4.28609037399292,-3.036595344543457,-2.333707343902696,-4.285856246948242,-3.0363399982452393,-2.3334540423559997,-1.802438847962423e-05,-0.0016078872839108086,-2.9831897042998597e-05,-0.0015892371293120447,-0.13235807418823242,-0.13818144798278809,0.19134455371932035,-0.00018474683146485482,0.006330333311521663,-0.13820569594527518,-0.1445655104109381,0.008657420707113433,0.006330333311521663,"[""joint_wheel_left"", ""joint_wheel_right""]","[0.0, 0.0]","[-0.005922466516494751, -0.02938856929540634]"
17,0.72,0.04,02_slow_straight,3,,False,0.2,0.0,0.20000000298023224,0.0,False,False,-4.285856246948242,-3.0363399982452393,-2.3334540423559997,-4.291382789611816,-3.042124032974243,-2.3334540423559997,-4.291145324707031,-3.041869640350342,-2.3332232773244868,-2.9831897042998597e-05,-0.0015892371293120447,-3.0131522211742083e-05,-0.0015888509133807328,-0.13222694396972656,-0.13824105262756348,0.19129700440109343,-9.721274615730191e-05,0.005769125787824514,-0.1381690856003496,-0.1446005013008467,0.008703541496799288,0.005769125787824514,"[""joint_wheel_left"", ""joint_wheel_right""]","[0.0, 0.0]","[-0.0065665096044540405, -0.03032059222459793]"
18,0.76,0.04,02_slow_straight,4,,False,0.2,0.0,0.20000000298023224,0.0,False,False,-4.291145324707031,-3.041869640350342,-2.3332232773244868,-4.296670913696289,-3.047654867172241,-2.3332233656167856,-4.29643440246582,-3.0473997592926025,-2.33297695268702,-3.0131522211742083e-05,-0.0015888509133807328,-3.012600813130184e-05,-0.001588589510993509,-0.13222694396972656,-0.13825297355651855,0.1913055976358957,-0.00013312387243372137,0.006158115936671926,-0.1381357131824817,-0.14463238204378734,0.008695424443754304,0.006158115936671926,"[""joint_wheel_left"", ""joint_wheel_right""]","[0.0, 0.0]","[-0.006183117628097534, -0.03034304827451706]"
19,0.8,0.04,02_slow_straight,5,,False,0.2,0.0,0.20000000298023224,0.0,False,False,-4.29643440246582,-3.0473997592926025,-2.33297695268702,-4.3019585609436035,-3.0531864166259766,-2.33297695268702,-4.301722526550293,-3.052931785583496,-2.3327237502047495,-3.012600813130184e-05,-0.001588589510993509,-2.973930002795688e-05,-0.0015876759498527284,-0.1322031021118164,-0.13830065727233887,0.1913235873858646,-0.00013007594598310468,0.0063300620567585675,-0.13810008247301975,-0.1446664038850695,0.008677390582306946,0.0063300620567585675,"[""joint_wheel_left"", ""joint_wheel_right""]","[0.0, 0.0]","[-0.00596502423286438, -0.03035736083984375]"
20,0.84,0.04,02_slow_straight,6,,False,0.2,0.0,0.20000000298023224,0.0,False,False,-4.301722526550293,-3.052931785583496,-2.3327237502047495,-4.307245254516602,-3.0587198734283447,-2.332723926950388,-4.307009220123291,-3.0584635734558105,-2.332463773718189,-2.973930002795688e-05,-0.0015876759498527284,-2.9562295811382394e-05,-0.001588087351095727,-0.13216733932495117,-0.13829469680786133,0.1912945482125976,-0.00015675953960307687,0.006499412164018281,-0.13806344815394486,-0.14470136653098992,0.008706866041497934,0.006499412164018281,"[""joint_wheel_left"", ""joint_wheel_right""]","[0.0, 0.0]","[-0.005819693207740784, -0.030483007431030273]"
21,0.88,0.04,02_slow_straight,7,,False,0.2,0.0,0.20000000298023224,0.0,False,False,-4.307009220123291,-3.0584635734558105,-2.332463773718189,-4.312530040740967,-3.064253091812134,-2.332463773718189,-4.312291622161865,-3.0639986991882324,-2.3321954212992395,-2.9562295811382394e-05,-0.001588087351095727,-2.9913086566196034e-05,-0.00158741772431455,-0.13206005096435547,-0.13837814331054688,0.191280847260894,-7.125964464221868e-05,0.006708810473732285,-0.13802582453579684,-0.14473725489073755,0.008719446908779448,0.006708810473732285,"[""joint_wheel_left"", ""joint_wheel_right""]","[0.0, 0.0]","[-0.00557669997215271, -0.03074805438518524]"
22,0.92,0.04,02_slow_straight,8,,False,0.2,0.0,0.20000000298023224,0.0,False,False,-4.312291622161865,-3.0639986991882324,-2.3321954212992395,-4.317811012268066,-3.0697896480560303,-2.3321955097572507,-4.3175740242004395,-3.0695343017578125,-2.331924258294079,-2.9913086566196034e-05,-0.00158741772431455,-2.9726103693768185e-05,-0.0015869757432520528,-0.13206005096435547,-0.13839006423950195,0.19128945047079476,-0.00011436565477863925,0.00677907512901532,-0.13798697897397275,-0.1447742892427012,0.008711303262007366,0.00677907512901532,"[""joint_wheel_left"", ""joint_wheel_right""]","[0.0, 0.0]","[-0.00496220588684082, -0.03143443912267685]"
23,0.96,0.04,02_slow_straight,9,,False,0.2,0.0,0.20000000298023224,0.0,False,False,-4.3175740242004395,-3.0695343017578125,-2.331924258294079,-4.323091983795166,-3.075326681137085,-2.3319243467957933,-4.322855472564697,-3.07507061958313,-2.331649527713876,-2.9726103693768185e-05,-0.0015869757432520528,-3.0141652187207602e-05,-0.001586176745467512,-0.1320362091064453,-0.13840794563293457,0.19128591495212596,-0.00013663988568693441,0.006868264505077715,-0.13794771647006465,-0.14481170088355277,0.008715159242374513,0.006868264505077715,"[""joint_wheel_left"", ""joint_wheel_right""]","[0.0, 0.0]","[-0.0049525052309036255, -0.031025715172290802]"
24,1.0,0.04,02_slow_straight,10,,False,0.2,0.0,0.20000000298023224,0.0,False,False,-4.322855472564697,-3.07507061958313,-2.331649527713876,-4.328372001647949,-3.080864667892456,-2.331649616259858,-4.328134536743164,-3.080609083175659,-2.331369744754316,-3.0141652187207602e-05,-0.001586176745467512,-3.0026170284743744e-05,-0.0015858379160359078,-0.13197660446166992,-0.13846158981323242,0.19128362211779984,-0.0001090336400004499,0.006994573988994279,-0.13790792706202876,-0.14484959387429105,0.008717062789359102,0.006994573988994279,"[""joint_wheel_left"", ""joint_wheel_right""]","[0.0, 0.0]","[-0.004571706056594849, -0.03127562254667282]"
25,1.04,0.04,02_slow_straight,11,,False,0.2,0.0,0.20000000298023224,0.0,False,False,-4.328134536743164,-3.080609083175659,-2.331369744754316,-4.333649158477783,-3.08640456199646,-2.331369744754316,-4.333413124084473,-3.0861494541168213,-2.3310880731947208,-3.0026170284743744e-05,-0.0015858379160359078,-3.002624085486257e-05,-0.0015855659039885643,-0.13196468353271484,-0.13850927352905273,0.19130991062005187,-0.00012104537703903906,0.007041788989881059,-0.1378673952168792,-0.14488817249246308,0.008690935347347151,0.007041788989881059,"[""joint_wheel_left"", ""joint_wheel_right""]","[0.0, 0.0]","[-0.004283785820007324, -0.03153818100690842]"
26,1.08,0.04,02_slow_straight,12,,False,0.2,0.0,0.20000000298023224,0.0,False,False,-4.333413124084473,-3.0861494541168213,-2.3310880731947208,-4.338926315307617,-3.091946601867676,-2.331088161831128,-4.33868932723999,-3.0916919708251953,-2.330803682933761,-3.002624085486257e-05,-0.0015855659039885643,-2.9956770274515188e-05,-0.0015848005294253032,-0.13190507888793945,-0.13856291770935059,0.1913076658651267,-9.477235258839589e-05,0.007109756523993039,-0.13782657887078453,-0.14492700006854592,0.008692853750147618,0.007109756523993039,"[""joint_wheel_left"", ""joint_wheel_right""]","[0.0, 0.0]","[-0.004386886954307556, -0.03147198259830475]"
27,1.12,0.04,02_slow_straight,13,,False,0.2,0.0,0.20000000298023224,0.0,False,False,-4.33868932723999,-3.0916919708251953,-2.330803682933761,-4.344200611114502,-3.0974905490875244,-2.330803682933761,-4.343964099884033,-3.097233772277832,-2.3305180114865744,-2.9956770274515188e-05,-0.0015848005294253032,-2.9284462311935143e-05,-0.001584285141160718,-0.13186931610107422,-0.13854503631591797,0.19127003224776234,-0.00013557538126389435,0.0071417861796652105,-0.1377853574704139,-0.1449661907440599,0.008731023403575617,0.0071417861796652105,"[""joint_wheel_left"", ""joint_wheel_right""]","[0.0, 0.0]","[-0.004402771592140198, -0.03137023001909256]"
28,1.16,0.04,02_slow_straight,14,,False,0.2,0.0,0.20000000298023224,0.0,False,False,-4.343964099884033,-3.097233772277832,-2.3305180114865744,-4.34947395324707,-3.103034019470215,-2.3305180114865744,-4.349238395690918,-3.1027798652648926,-2.330227188093184,-2.9284462311935143e-05,-0.001584285141160718,-3.035758952642578e-05,-0.0015836508520249816,-0.13185739517211914,-0.13865232467651367,0.19133956257017848,-0.00010768115199868977,0.007270584834762062,-0.13774393914726837,-0.1450055461707811,0.008661109820720861,0.007270584834762062,"[""joint_wheel_left"", ""joint_wheel_right""]","[0.0, 0.0]","[-0.0036415457725524902, -0.031959593296051025]"
29,1.2,0.04,02_slow_straight,15,,False,0.2,0.0,0.20000000298023224,0.0,False,False,-4.349238395690918,-3.1027798652648926,-2.330227188093184,-4.354746341705322,-3.108581781387329,-2.330227188093184,-4.354508876800537,-3.1083269119262695,-2.3299364718928204,-3.035758952642578e-05,-0.0015836508520249816,-2.9994421127351982e-05,-0.0015831276256321335,-0.13176202774047852,-0.13867616653442383,0.1912911526289291,-7.774870822511992e-05,0.007267905009089581,-0.13770176231779466,-0.14504559919786086,0.008709197397178662,0.007267905009089581,"[""joint_wheel_left"", ""joint_wheel_right""]","[0.0, 0.0]","[-0.003739595413208008, -0.03193551301956177]"
30,1.24,0.04,03_medium_straight,1,,False,0.5,0.0,0.5,0.0,False,False,-4.354508876800537,-3.1083269119262695,-2.3299364718928204,-4.368274688720703,-3.122835397720337,-2.3299365607145974,-4.367638111114502,-3.1223244667053223,-2.3300448872452444,-2.9994421127351982e-05,-0.0015831276256321335,-3.806013011253873e-05,-0.0015855572931276173,-0.3282308578491211,-0.34993886947631836,0.4797761167410654,0.002754309277711725,-0.002710383810600181,-0.3441489683565697,-0.362714057597867,0.02041057749472817,0.002710383810600181,"[""joint_wheel_left"", ""joint_wheel_right""]","[0.0, 0.0]","[-0.0087643563747406, -0.03973720967769623]"
31,1.28,0.04,03_medium_straight,2,,False,0.5,0.0,0.5,0.0,False,False,-4.367638111114502,-3.1223244667053223,-2.3300448872452444,-4.381405830383301,-3.136831521987915,-2.3300448872452444,-4.380797386169434,-3.136321783065796,-2.3301575839481257,-3.806013011253873e-05,-0.0015855572931276173,-5.558278892521407e-05,-0.0015894895130232603,-0.328981876373291,-0.3499329090118408,0.4802884754316778,0.002257467407338426,-0.0028174175720319106,-0.34418829010633195,-0.362676744434599,0.019840371969868976,0.0028174175720319106,"[""joint_wheel_left"", ""joint_wheel_right""]","[0.0, 0.0]","[-0.0050045400857925415, -0.04721204936504364]"
32,1.32,0.04,03_medium_straight,3,,False,0.5,0.0,0.5,0.0,False,False,-4.380797386169434,-3.136321783065796,-2.3301575839481257,-4.394566535949707,-3.150827407836914,-2.3301575839481257,-4.393990993499756,-3.1502652168273926,-2.3302783489821697,-5.558278892521407e-05,-0.0015894895130232603,-3.9024860225401935e-05,-0.0015887450005072138,-0.32984018325805664,-0.348585844039917,0.47990213272057186,0.0007616869280417937,-0.0030191258511003123,-0.3442291603938652,-0.3626379532461193,0.020112295646142864,0.0030191258511003123,"[""joint_wheel_left"", ""joint_wheel_right""]","[0.0, 0.0]","[-0.008126169443130493, -0.039434388279914856]"
33,1.36,0.04,03_medium_straight,4,,False,0.5,0.0,0.5,0.0,False,False,-4.393990993499756,-3.1502652168273926,-2.3302783489821697,-4.407762050628662,-3.164769172668457,-2.3302783489821697,-4.407191276550293,-3.1642253398895264,-2.330300160808727,-3.9024860225401935e-05,-0.0015887450005072138,-4.027009563251926e-05,-0.0015854865160488665,-0.33000707626342773,-0.3490030765533447,0.48031952472891254,0.0009858964586607344,-0.0005452956639340202,-0.34427295186837586,-0.3625963797555554,0.019705154115689776,0.0005452956639340202,"[""joint_wheel_left"", ""joint_wheel_right""]","[0.0, 0.0]","[-0.005013689398765564, -0.037150003015995026]"
34,1.4000000000000001,0.04,03_medium_straight,5,,False,0.5,0.0,0.5,0.0,False,False,-4.407191276550293,-3.1642253398895264,-2.330300160808727,-4.420962333679199,-3.1787288188934326,-2.3303002495719825,-4.420389652252197,-3.1781890392303467,-2.330278434164786,-4.027009563251926e-05,-0.0015854865160488665,-3.76991794829758e-05,-0.001580433829811785,-0.3299593925476074,-0.3490924835205078,0.48035150587147446,0.0010925144891175687,0.0005431660985211195,-0.34428086067582586,-0.3625888704473878,0.01967884420964894,0.0005431660985211195,"[""joint_wheel_left"", ""joint_wheel_right""]","[0.0, 0.0]","[0.0037081241607666016, -0.033919550478458405]"
35,1.44,0.04,03_medium_straight,6,,False,0.5,0.0,0.5,0.0,False,False,-4.420389652252197,-3.1781890392303467,-2.330278434164786,-4.4341607093811035,-3.192692995071411,-2.330278434164786,-4.433598041534424,-3.1921467781066895,-2.330237752230461,-3.76991794829758e-05,-0.001580433829811785,-3.490707470736607e-05,-0.001573710992439601,-0.33020973205566406,-0.34894347190856934,0.48041583761973283,0.0007979323345322087,0.0010170483581317669,-0.34427298275528295,-0.3625963504294833,0.019600411019852743,0.0010170483581317669,"[""joint_wheel_left"", ""joint_wheel_right""]","[0.0, 0.0]","[0.002977505326271057, -0.02682746946811676]"
36,1.48,0.04,03_medium_straight,7,,False,0.5,0.0,0.5,0.0,False,False,-4.433598041534424,-3.1921467781066895,-2.330237752230461,-4.447368144989014,-3.206651210784912,-2.330237752230461,-4.446794509887695,-3.2061080932617188,-2.3302224838506667,-3.490707470736607e-05,-0.001573710992439601,-3.9640507574775437e-05,-0.00152145871733583,-0.3299117088317871,-0.3490328788757324,0.4802755155720605,0.0010560788715996694,0.00038170949485660804,-0.34425823134948297,-0.36261035582030177,0.019752736228965,0.00038170949485660804,"[""joint_wheel_left"", ""joint_wheel_right""]","[0.0, 0.0]","[0.015037938952445984, -0.027604714035987854]"
37,1.52,0.04,03_medium_straight,8,,False,0.5,0.0,0.5,0.0,False,False,-4.446794509887695,-3.2061080932617188,-2.3302224838506667,-4.460564613342285,-3.2206127643585205,-2.33022257262642,-4.460003852844238,-3.220073699951172,-2.3302751269744073,-3.9640507574775437e-05,-0.00152145871733583,-3.6396213469912444e-05,-0.001522621558092572,-0.3302335739135742,-0.3491401672363281,0.4805749463533353,0.0008891878497633288,-0.001316078093516193,-0.3442526948367259,-0.3626156120434586,0.019445394421506817,0.001316078093516193,"[""joint_wheel_left"", ""joint_wheel_right""]","[0.0, 0.0]","[0.013604208827018738, -0.02317771315574646]"
38,1.56,0.04,03_medium_straight,9,,False,0.5,0.0,0.5,0.0,False,False,-4.460003852844238,-3.220073699951172,-2.3302751269744073,-4.4737749099731445,-3.2345776557922363,-2.3302751269744073,-4.473209857940674,-3.2340431213378906,-2.3303441605492092,-3.6396213469912444e-05,-0.001522621558092572,-3.968993874570644e-05,-0.0015224959821717222,-0.33015012741088867,-0.34923553466796875,0.4805866023076664,0.0010406664311392866,-0.00172583937004811,-0.3442717835782387,-0.3625974890037966,0.019441270446696732,0.00172583937004811,"[""joint_wheel_left"", ""joint_wheel_right""]","[0.0, 0.0]","[0.015691712498664856, -0.024963870644569397]"
39,1.6,0.04,03_medium_straight,10,,False,0.5,0.0,0.5,0.0,False,False,-4.473209857940674,-3.2340431213378906,-2.3303441605492092,-4.4869818687438965,-3.2485461235046387,-2.3303442493053734,-4.486423492431641,-3.2480061054229736,-2.33043945117676,-3.968993874570644e-05,-0.0015224959821717222,-3.920353478389593e-05,-0.0015215104895872982,-0.3303408622741699,-0.3490746021270752,0.48060116831251604,0.0008247150190197339,-0.0023822656887717564,-0.3442968141587622,-0.3625737218278881,0.019416354593536075,0.0023822656887717564,"[""joint_wheel_left"", ""joint_wheel_right""]","[0.0, 0.0]","[0.012917831540107727, -0.024610497057437897]"
40,1.6400000000000001,0.04,03_medium_straight,11,,False,0.5,0.0,0.5,0.0,False,False,-4.486423492431641,-3.2480061054229736,-2.33043945117676,-4.500196933746338,-3.262507677078247,-2.33043945117676,-4.499634265899658,-3.261972665786743,-2.330477045798528,-3.920353478389593e-05,-0.0015215104895872982,-3.9995700567236085e-05,-0.0015219736279454884,-0.33026933670043945,-0.3491640090942383,0.4806166579132086,0.0009839449412240298,-0.0009398655442027781,-0.34433136247303653,-0.362540911922313,0.01940829972205032,0.0009398655442027781,"[""joint_wheel_left"", ""joint_wheel_right""]","[0.0, 0.0]","[0.012403219938278198, -0.023553423583507538]"
41,1.68,0.04,03_medium_straight,12,,False,0.5,0.0,0.5,0.0,False,False,-4.499634265899658,-3.261972665786743,-2.330477045798528,-4.513408184051514,-3.2764737606048584,-2.3304771345332984,-4.512850284576416,-3.2759344577789307,-2.330514456229625,-3.9995700567236085e-05,-0.0015219736279454884,-3.630572813217475e-05,-0.0015234568658622663,-0.3304004669189453,-0.3490447998046875,0.48062049524787126,0.0008248385553591975,-0.0009352607774237853,-0.34434499181816114,-0.3625279666587814,0.019397050370615284,0.0009352607774237853,"[""joint_wheel_left"", ""joint_wheel_right""]","[0.0, 0.0]","[0.011270269751548767, -0.023157082498073578]"
42,1.72,0.04,03_medium_straight,13,,False,0.5,0.0,0.5,0.0,False,False,-4.512850284576416,-3.2759344577789307,-2.330514456229625,-4.52662467956543,-3.2904350757598877,-2.330514456229625,-4.526063442230225,-3.289898633956909,-2.3305327669088474,-3.630572813217475e-05,-0.0015234568658622663,-3.9988869966535914e-05,-0.001524031104019791,-0.33032894134521484,-0.3491044044494629,0.4806144183333595,0.0009357277120432828,-0.00045776698055499665,-0.34435855390471304,-0.36251508431050816,0.01940815197037252,0.00045776698055499665,"[""joint_wheel_left"", ""joint_wheel_right""]","[0.0, 0.0]","[0.010911941528320312, -0.024677887558937073]"
43,1.76,0.04,03_medium_straight,14,,False,0.5,0.0,0.5,0.0,False,False,-4.526063442230225,-3.289898633956909,-2.3305327669088474,-4.539837837219238,-3.304399013519287,-2.3305327669088474,-4.539279460906982,-3.303859233856201,-2.330553086934595,-3.9988869966535914e-05,-0.001524031104019791,-3.644102646186582e-05,-0.0015251474939342426,-0.3304004669189453,-0.3490149974822998,0.4805988413338368,0.0008310934967752648,-0.0005080006436952723,-0.3443651917444063,-0.36250877881071836,0.01941895141324636,0.0005080006436952723,"[""joint_wheel_left"", ""joint_wheel_right""]","[0.0, 0.0]","[0.010485038161277771, -0.0244259312748909]"
44,1.8,0.04,03_medium_straight,15,,False,0.5,0.0,0.5,0.0,False,False,-4.539279460906982,-3.303859233856201,-2.330553086934595,-4.553054332733154,-3.318359375,-2.330553086934595,-4.552495002746582,-3.3178210258483887,-2.3305745997115355,-3.644102646186582e-05,-0.0015251474939342426,-3.986219819247258e-05,-0.0015257800132599513,-0.33038854598999023,-0.3490447998046875,0.4806122206550828,0.0008700281973751667,-0.0005378194235072797,-0.3443725578610302,-0.3625017812263154,0.019407290820499006,0.0005378194235072797,"[""joint_wheel_left"", ""joint_wheel_right""]","[0.0, 0.0]","[0.009696215391159058, -0.02612176537513733]"
45,1.84,0.04,04_fast_straight,1,,False,1.0,0.0,1.0,0.0,False,False,-4.552495002746582,-3.3178210258483887,-2.3305745997115355,-4.580045223236084,-3.346820592880249,-2.3305745997115355,-4.579349517822266,-3.3462674617767334,-2.330365562311032,-3.986219819247258e-05,-0.0015257800132599513,-2.8563169783744576e-05,-0.0015097033308141352,-0.6713628768920898,-0.7111608982086182,0.9779920207847601,0.003089157013392796,0.005225935012587168,-0.6887607124026037,-0.724988745464823,0.022223726964481633,0.005225935012587168,"[""joint_wheel_left"", ""joint_wheel_right""]","[0.0, 0.0]","[-0.010715849697589874, -0.026914194226264954]"
46,1.8800000000000001,0.04,04_fast_straight,2,,False,1.0,0.0,1.0,0.0,False,False,-4.579349517822266,-3.3462674617767334,-2.330365562311032,-4.606894016265869,-3.375272750854492,-2.330365562311032,-4.60620641708374,-3.3747105598449707,-2.3301917063014335,-2.8563169783744576e-05,-0.0015097033308141352,-8.420445403601175e-06,-0.001517034581324643,-0.6714224815368652,-0.7110774517059326,0.9779731796819289,0.0027840367351884554,0.004346400239962911,-0.6886091475926985,-0.7251327063728799,0.022202064630738167,0.004346400239962911,"[""joint_wheel_left"", ""joint_wheel_right""]","[0.0, 0.0]","[0.0013052672147750854, -0.0012793689966201782]"
47,1.92,0.04,04_fast_straight,3,,False,1.0,0.0,1.0,0.0,False,False,-4.60620641708374,-3.3747105598449707,-2.3301917063014335,-4.6337456703186035,-3.4037206172943115,-2.3301917063014335,-4.633051872253418,-3.4031665325164795,-2.3299879799054684,-8.420445403601175e-06,-0.001517034581324643,-1.9925462334832416e-05,-0.001512794278268293,-0.6711363792419434,-0.7113993167877197,0.9780101057650927,0.0030431052187254726,0.0050931598991277305,-0.6884830685076545,-0.7252524142519515,0.022199458052723806,0.0050931598991277305,"[""joint_wheel_left"", ""joint_wheel_right""]","[0.0, 0.0]","[-0.018038474023342133, -0.01708543300628662]"
48,1.96,0.04,04_fast_straight,4,,False,1.0,0.0,1.0,0.0,False,False,-4.633051872253418,-3.4031665325164795,-2.3299879799054684,-4.660585403442383,-3.4321823120117188,-2.3299879799054684,-4.659890651702881,-3.431626796722412,-2.3297924192343777,-1.9925462334832416e-05,-0.001512794278268293,-1.8289691035436813e-05,-0.0015137751937966198,-0.6709694862365723,-0.7115066051483154,0.9779736532723775,0.0030387720102202365,0.004889016777265276,-0.6883353011606025,-0.7253926613746121,0.022234974375868834,0.004889016777265276,"[""joint_wheel_left"", ""joint_wheel_right""]","[0.0, 0.0]","[-0.01988454908132553, -0.0165061354637146]"
49,2.0,0.04,04_fast_straight,5,,False,1.0,0.0,1.0,0.0,False,False,-4.659890651702881,-3.431626796722412,-2.3297924192343777,-4.687418460845947,-3.4606478214263916,-2.3297925080793305,-4.686723709106445,-3.4600911140441895,-2.3295988645134376,-1.8289691035436813e-05,-0.0015137751937966198,-1.658607093000954e-05,-0.0015149831410918148,-0.6708264350891113,-0.7116079330444336,0.9779492981267821,0.0030210394686331354,0.004838868023504528,-0.6881934297235047,-0.7255272588162347,0.022256687367453752,0.004838868023504528,"[""joint_wheel_left"", ""joint_wheel_right""]","[0.0, 0.0]","[-0.0213138610124588, -0.014348477125167847]"
50,2.04,0.04,04_fast_straight,6,,False,1.0,0.0,1.0,0.0,False,False,-4.686723709106445,-3.4600911140441895,-2.3295988645134376,-4.714245796203613,-3.4891176223754883,-2.3295989533895245,-4.713551998138428,-3.4885616302490234,-2.3294064693934464,-1.658607093000954e-05,-0.0015149831410918148,-1.567646949525291e-05,-0.0015160450740357215,-0.6707072257995605,-0.7117629051208496,0.9779802993431842,0.003024887176405311,0.0048098779997785,-0.6880529876072237,-0.7256604483122762,0.02222649678752257,0.0048098779997785,"[""joint_wheel_left"", ""joint_wheel_right""]","[0.0, 0.0]","[-0.021681025624275208, -0.01339922845363617]"
51,2.08,0.04,04_fast_straight,7,,False,1.0,0.0,1.0,0.0,False,False,-4.713551998138428,-3.4885616302490234,-2.3294064693934464,-4.741068363189697,-3.5175933837890625,-2.3294064693934464,-4.740373611450195,-3.5170364379882812,-2.3292157246880745,-1.567646949525291e-05,-0.0015160450740357215,-1.3788427759480248e-05,-0.0015171675667184253,-0.6705403327941895,-0.7118701934814453,0.9779439244090307,0.003031663325135714,0.0047686176342987,-0.687913361344615,-0.7257928129180897,0.022263455549207316,0.0047686176342987,"[""joint_wheel_left"", ""joint_wheel_right""]","[0.0, 0.0]","[-0.023124665021896362, -0.010908007621765137]"
52,2.12,0.04,04_fast_straight,8,,False,1.0,0.0,1.0,0.0,False,False,-4.740373611450195,-3.5170364379882812,-2.3292157246880745,-4.767884731292725,-3.5460734367370605,-2.3292158136257983,-4.76718807220459,-3.545520067214966,-2.329012548852387,-1.3788427759480248e-05,-0.0015171675667184253,-1.2368163398566688e-05,-0.0015186053856501014,-0.6703615188598633,-0.7120907306671143,0.9779815943944448,0.003126610917142114,0.005079395892182426,-0.6877749076948309,-0.7259240155452683,0.022239286886902167,0.005079395892182426,"[""joint_wheel_left"", ""joint_wheel_right""]","[0.0, 0.0]","[-0.023474082350730896, -0.009776860475540161]"
53,2.16,0.04,04_fast_straight,9,,False,1.0,0.0,1.0,0.0,False,False,-4.76718807220459,-3.545520067214966,-2.329012548852387,-4.7946929931640625,-3.5745625495910645,-2.3290126378227702,-4.794000625610352,-3.5740058422088623,-2.3288252704306935,-1.2368163398566688e-05,-0.0015186053856501014,-1.0510177531549216e-05,-0.0015193199801512669,-0.670313835144043,-0.7121443748474121,0.9779883699249583,0.002999417251683012,0.004681960542340935,-0.6876274032815232,-0.7260637398027183,0.022215048107311768,0.004681960542340935,"[""joint_wheel_left"", ""joint_wheel_right""]","[0.0, 0.0]","[-0.025169983506202698, -0.006496831774711609]"
54,2.2,0.04,04_fast_straight,10,,False,1.0,0.0,1.0,0.0,False,False,-4.794000625610352,-3.5740058422088623,-2.3288252704306935,-4.821500301361084,-3.603053569793701,-2.328825359431191,-4.8208327293396,-3.6024625301361084,-2.3287363382742265,-1.0510177531549216e-05,-0.0015193199801512669,2.4358687682370524e-05,-0.0015259053479814825,-0.6708025932312012,-0.7114171981811523,0.9777968612447618,0.0019614009068708027,0.002223303911674801,-0.6874914151524296,-0.7261925048440735,0.022289604395364163,0.002223303911674801,"[""joint_wheel_left"", ""joint_wheel_right""]","[0.0, 0.0]","[-0.044963374733924866, 0.011678352952003479]"
55,2.24,0.04,04_fast_straight,11,,False,1.0,0.0,1.0,0.0,False,False,-4.8208327293396,-3.6024625301361084,-2.3287363382742265,-4.848330020904541,-3.6315126419067383,-2.3287364272890225,-4.847649097442627,-3.6309337615966797,-2.328593296019148,2.4358687682370524e-05,-0.0015259053479814825,-4.64090162480236e-06,-0.0015190526652413584,-0.6704092025756836,-0.7117807865142822,0.9777906618693619,0.002410085087571623,0.0035760563769637876,-0.6874268305683886,-0.7262536420663926,0.022339722700390675,0.0035760563769637876,"[""joint_wheel_left"", ""joint_wheel_right""]","[0.0, 0.0]","[-0.0411054864525795, 0.007486939430236816]"
56,2.2800000000000002,0.04,04_fast_straight,12,,False,1.0,0.0,1.0,0.0,False,False,-4.847649097442627,-3.6309337615966797,-2.328593296019148,-4.8751420974731445,-3.6599879264831543,-2.328593296019148,-4.87445592880249,-3.6594135761260986,-2.328443271495453,-4.64090162480236e-06,-0.0015190526652413584,-5.911201176490327e-06,-0.0015186422587028052,-0.670170783996582,-0.7119953632354736,0.9777829842748724,0.002590878988277756,0.0037506130923792296,-0.6873229385772727,-0.7263519657201339,0.0223675756769137,0.0037506130923792296,"[""joint_wheel_left"", ""joint_wheel_right""]","[0.0, 0.0]","[-0.04048948362469673, 0.006811901926994324]"
57,2.32,0.04,04_fast_straight,13,,False,1.0,0.0,1.0,0.0,False,False,-4.87445592880249,-3.6594135761260986,-2.328443271495453,-4.901944637298584,-3.688471794128418,-2.328443271495453,-4.901257514953613,-3.687898874282837,-2.3282879895623885,-5.911201176490327e-06,-0.0015186422587028052,-7.283931881914378e-06,-0.001519098907698199,-0.6700396537780762,-0.712132453918457,0.9777928376719283,0.0026336583767788135,0.003882048326608878,-0.6872139602350776,-0.7264550728421002,0.022362786389689984,0.003882048326608878,"[""joint_wheel_left"", ""joint_wheel_right""]","[0.0, 0.0]","[-0.039209816604852676, 0.004694446921348572]"
58,2.36,0.04,04_fast_straight,14,,False,1.0,0.0,1.0,0.0,False,False,-4.901257514953613,-3.687898874282837,-2.3282879895623885,-4.928741455078125,-3.71696138381958,-2.328288078649249,-4.928053379058838,-3.7163901329040527,-2.328132692790183,-7.283931881914378e-06,-0.001519098907698199,-8.146515023534677e-06,-0.0015191773125006111,-0.6698966026306152,-0.7122814655303955,0.9778032103769568,0.002688146328844232,0.0038824193051345546,-0.6871011466023197,-0.7265617759955293,0.02235897135949956,0.0038824193051345546,"[""joint_wheel_left"", ""joint_wheel_right""]","[0.0, 0.0]","[-0.038586948066949844, 0.0036440789699554443]"
59,2.4,0.04,04_fast_straight,15,,False,1.0,0.0,1.0,0.0,False,False,-4.928053379058838,-3.7163901329040527,-2.328132692790183,-4.955533027648926,-3.7454569339752197,-2.328132692790183,-4.954843521118164,-3.7448859214782715,-2.3279730240068597,-8.146515023534677e-06,-0.0015191773125006111,-8.874688434299114e-06,-0.0015223923406490598,-0.6697535514831543,-0.7123947143554688,0.9777876359317612,0.002718047991784378,0.003991719583085197,-0.686988305618714,-0.7266684718240694,0.022378045097497353,0.003991719583085197,"[""joint_wheel_left"", ""joint_wheel_right""]","[0.0, 0.0]","[-0.04058467596769333, -0.0007725059986114502]"
60,2.44,0.04,05_left_turn,1,,False,0.0,0.5,0.0,0.5,False,False,-4.954843521118164,-3.7448859214782715,-2.3279730240068597,-4.954843521118164,-3.7448859214782715,-2.3079729648500287,-4.954801082611084,-3.7448344230651855,-2.311342692335129,-8.874688434299114e-06,-0.0015223923406490598,-4.951927549867829e-05,-0.0015833344306132825,0.0010609626770019531,0.0012874603271484375,-0.0016644438817807966,-0.00011323630325468239,0.4157582917932666,-0.0,-0.0,0.001668291310284961,0.08424170820673338,"[""joint_wheel_left"", ""joint_wheel_right""]","[0.0, 0.0]","[0.045362576842308044, -0.07796403765678406]"
61,2.48,0.04,05_left_turn,2,,False,0.0,0.5,0.0,0.5,False,False,-4.954801082611084,-3.7448344230651855,-2.311342692335129,-4.954801082611084,-3.7448344230651855,-2.291342663778782,-4.954798221588135,-3.7448182106018066,-2.2940905265267393,-4.951927549867829e-05,-0.0015833344306132825,-3.4925525385735434e-05,-0.001567228068004929,7.152557373046875e-05,0.00040531158447265625,-0.0003474181782867863,-0.00022066716475520014,0.4313041452097433,-0.0,-0.0,0.00041157428030090494,0.0686958547902567,"[""joint_wheel_left"", ""joint_wheel_right""]","[0.0, 0.0]","[0.0412043035030365, -0.05860269069671631]"
62,2.52,0.04,05_left_turn,3,,False,0.0,0.5,0.0,0.5,False,False,-4.954798221588135,-3.7448182106018066,-2.2940905265267393,-4.954798221588135,-3.7448182106018066,-2.274090473523457,-4.95481538772583,-3.744828462600708,-2.2763555122906527,-3.4925525385735434e-05,-0.001567228068004929,-3.688859442298981e-05,-0.0015678478035449398,-0.0004291534423828125,-0.0002562999725341797,0.0004761685277499398,-0.00015207197707169454,0.4433753559021646,-0.0,-0.0,0.0004998623340781332,0.05662464409783541,"[""joint_wheel_left"", ""joint_wheel_right""]","[0.0, 0.0]","[0.058000348508358, 0.03137359023094177]"
63,2.56,0.04,05_left_turn,4,,False,0.0,0.5,0.0,0.5,False,False,-4.95481538772583,-3.744828462600708,-2.2763555122906527,-4.95481538772583,-3.744828462600708,-2.2563554982718075,-4.954916954040527,-3.744968891143799,-2.2589889305269137,-3.688859442298981e-05,-0.0015678478035449398,-7.551080113212298e-06,-0.0015609886832211978,-0.0025391578674316406,-0.003510713577270508,0.004319068737487135,0.00034362441448879556,0.4341645440934738,-0.0,-0.0,0.004332716526311349,0.06583545590652617,"[""joint_wheel_left"", ""joint_wheel_right""]","[0.0, 0.0]","[0.08366659283638, -0.027827337384223938]"
64,2.6,0.04,05_left_turn,5,,False,0.0,0.5,0.0,0.5,False,False,-4.954916954040527,-3.744968891143799,-2.2589889305269137,-4.954916954040527,-3.744968891143799,-2.238988888348362,-4.955039978027344,-3.74511456489563,-2.2418202052274068,-7.551080113212298e-06,-0.0015609886832211978,-2.706667492720044e-05,-0.001546548368837988,-0.0030755996704101562,-0.003641843795776367,0.004766385903854786,-6.248984714550326e-05,0.4292181324876743,-0.0,-0.0,0.004766795523772955,0.07078186751232568,"[""joint_wheel_left"", ""joint_wheel_right""]","[0.0, 0.0]","[0.10525423288345337, 0.0005697458982467651]"
65,2.64,0.04,05_left_turn,6,,False,0.0,0.5,0.0,0.5,False,False,-4.955039978027344,-3.74511456489563,-2.2418202052274068,-4.955039978027344,-3.74511456489563,-2.2218201070132113,-4.955190658569336,-3.745326280593872,-2.224504790411879,-2.706667492720044e-05,-0.001546548368837988,-2.2523444767679905e-05,-0.0015453186672693628,-0.0037670135498046875,-0.0052928924560546875,0.006487600884879809,0.0003407879021905848,0.43288537038819186,-0.0,-0.0,0.006496545361634346,0.06711462961180814,"[""joint_wheel_left"", ""joint_wheel_right""]","[0.0, 0.0]","[0.10440448671579361, 0.03303807973861694]"
66,2.68,0.04,05_left_turn,7,,False,0.0,0.5,0.0,0.5,False,False,-4.955190658569336,-3.745326280593872,-2.224504790411879,-4.955190658569336,-3.745326280593872,-2.2045048093183506,-4.955183506011963,-3.7453181743621826,-2.2045110773282346,-2.2523444767679905e-05,-0.0015453186672693628,-3.325028148661635e-05,-0.0015428677433478358,0.00017881393432617188,0.00020265579223632812,-0.0002696179816938618,1.8706608016064424e-05,0.4998428270911126,-0.0,-0.0,0.0002702661525906237,0.000157172908887393,"[""joint_wheel_left"", ""joint_wheel_right""]","[0.0, 0.0]","[-0.020929694175720215, 0.024971380829811096]"
67,2.72,0.04,05_left_turn,8,,False,0.0,0.5,0.0,0.5,False,False,-4.955183506011963,-3.7453181743621826,-2.2045110773282346,-4.955183506011963,-3.7453181743621826,-2.1845110231232234,-4.955415725708008,-3.7456743717193604,-2.187273635619047,-3.325028148661635e-05,-0.0015428677433478358,-2.568674072801485e-05,-0.0015239877797476175,-0.005805492401123047,-0.00890493392944336,0.01061357095787398,0.0005947283660823529,0.43093604272969044,-0.0,-0.0,0.010630220614232284,0.06906395727030956,"[""joint_wheel_left"", ""joint_wheel_right""]","[0.0, 0.0]","[0.16021057963371277, 0.01892794668674469]"
68,2.7600000000000002,0.04,05_left_turn,9,,False,0.0,0.5,0.0,0.5,False,False,-4.955415725708008,-3.7456743717193604,-2.187273635619047,-4.955415725708008,-3.7456743717193604,-2.1672737284648047,-4.955624103546143,-3.7460227012634277,-2.169498207573812,-2.568674072801485e-05,-0.0015239877797476175,-1.811180523354725e-05,-0.0015438183013867146,-0.005209445953369141,-0.00870823860168457,0.010117144681995965,0.0007843023450839108,0.4443857011308783,-0.0,-0.0,0.01014749952869885,0.055614298869121725,"[""joint_wheel_left"", ""joint_wheel_right""]","[0.0, 0.0]","[0.1193331629037857, 0.0466122031211853]"
69,2.8000000000000003,0.04,05_left_turn,10,,False,0.0,0.5,0.0,0.5,False,False,-4.955624103546143,-3.7460227012634277,-2.169498207573812,-4.955624103546143,-3.7460227012634277,-2.149498254438302,-4.955626487731934,-3.746023416519165,-2.149752579221551,-1.811180523354725e-05,-0.0015438183013867146,-4.3856301646948286e-05,-0.0015830945334027392,-5.9604644775390625e-05,-1.7881393432617188e-05,4.836267123788503e-05,-3.916005542167674e-05,0.4936407088065198,-0.0,-0.0,6.22290760809812e-05,0.006359291193480221,"[""joint_wheel_left"", ""joint_wheel_right""]","[0.0, 0.0]","[-0.021205589175224304, 0.0298810675740242]"
70,2.84,0.04,05_left_turn,11,,False,0.0,0.5,0.0,0.5,False,False,-4.955626487731934,-3.746023416519165,-2.149752579221551,-4.955626487731934,-3.746023416519165,-2.1297525822171037,-4.955870628356934,-3.7464382648468018,-2.1315925260802326,-4.3856301646948286e-05,-0.0015830945334027392,-1.5180740182513951e-05,-0.001580323340650015,-0.006103515625,-0.010371208190917969,0.012020598006860821,0.0005657613290396711,0.45400132853296027,-0.0,-0.0,0.01203390469980476,0.04599867146703973,"[""joint_wheel_left"", ""joint_wheel_right""]","[0.0, 0.0]","[0.11596803367137909, 0.0865696370601654]"
71,2.88,0.04,05_left_turn,12,,False,0.0,0.5,0.0,0.5,False,False,-4.955870628356934,-3.7464382648468018,-2.1315925260802326,-4.955870628356934,-3.7464382648468018,-2.1115923225090376,-4.955990791320801,-3.7466940879821777,-2.11297933863063,-1.5180740182513951e-05,-0.001580323340650015,-3.63071573278564e-05,-0.0015433098273096235,-0.0030040740966796875,-0.006395578384399414,0.007013728566135721,0.0008576104301550092,0.465329686240068,-0.0,-0.0,0.00706596660403507,0.034670313759932014,"[""joint_wheel_left"", ""joint_wheel_right""]","[0.0, 0.0]","[0.11034110188484192, 0.06234043836593628]"
72,2.92,0.04,05_left_turn,13,,False,0.0,0.5,0.0,0.5,False,False,-4.955990791320801,-3.7466940879821777,-2.11297933863063,-4.955990791320801,-3.7466940879821777,-2.092979116440453,-4.955995559692383,-3.7467825412750244,-2.093864373613951,-3.63071573278564e-05,-0.0015433098273096235,-2.2367306311259636e-05,-0.0015921470835031342,-0.00011920928955078125,-0.002211332321166992,0.0019557053361152835,0.0010389504933552922,0.47787412541697716,-0.0,-0.0,0.0022145431784801575,0.022125874583022842,"[""joint_wheel_left"", ""joint_wheel_right""]","[0.0, 0.0]","[0.0024231523275375366, 0.01516580581665039]"
73,2.96,0.04,05_left_turn,14,,False,0.0,0.5,0.0,0.5,False,False,-4.955995559692383,-3.7467825412750244,-2.093864373613951,-4.955995559692383,-3.7467825412750244,-2.073864486850977,-4.955942153930664,-3.7467854022979736,-2.074610709572423,-2.2367306311259636e-05,-0.0015921470835031342,-2.540107421336601e-05,-0.0015486711101201868,0.00133514404296875,-7.152557373046875e-05,-0.0006049963269545019,0.001192352702661412,0.48134160103819884,-0.0,-0.0,0.001337058533936496,0.01865839896180116,"[""joint_wheel_left"", ""joint_wheel_right""]","[0.0, 0.0]","[-0.0017223507165908813, 0.03274992108345032]"
74,3.0,0.04,05_left_turn,15,,False,0.0,0.5,0.0,0.5,False,False,-4.955942153930664,-3.7467854022979736,-2.074610709572423,-4.955942153930664,-3.7467854022979736,-2.0546107227926216,-4.955852508544922,-3.746706485748291,-2.055374195863793,-2.540107421336601e-05,-0.0015486711101201868,-2.3563232442251446e-05,-0.0015531655018802242,0.0022411346435546875,0.0019729137420654297,-0.0028097256207141375,0.0010102054545854367,0.48091284271574164,-0.0,-0.0,0.002985811970665871,0.01908715728425836,"[""joint_wheel_left"", ""joint_wheel_right""]","[0.0, 0.0]","[-0.03341086208820343, 0.00680890679359436]"
75,3.04,0.04,06_right_turn,1,,False,0.0,-0.5,0.0,-0.5,False,False,-4.955852508544922,-3.746706485748291,-2.055374195863793,-4.955852508544922,-3.746706485748291,-2.075374447209888,-4.955867767333984,-3.7466273307800293,-2.0725562090665117,-2.3563232442251446e-05,-0.0015531655018802242,-4.94442483647486e-05,-0.001571122921035234,-0.0003814697265625,0.0019788742065429688,-0.0015733478261354605,-0.0012593803617650839,-0.4295503300679626,-0.0,-0.0,0.0020153069933895266,0.07044966993203738,"[""joint_wheel_left"", ""joint_wheel_right""]","[0.0, 0.0]","[-0.03862713277339935, 0.10014514625072479]"
76,3.08,0.04,06_right_turn,2,,False,0.0,-0.5,0.0,-0.5,False,False,-4.955867767333984,-3.7466273307800293,-2.0725562090665117,-4.955867767333984,-3.7466273307800293,-2.0925561525537693,-4.955898761749268,-3.7465898990631104,-2.089657364403214,-4.94442483647486e-05,-0.001571122921035234,-3.877796432047405e-05,-0.0015627159934443087,-0.0007748603820800781,0.0009357929229736328,-0.00044776071344933516,-0.0011294367401037397,-0.42752888341756057,-0.0,-0.0,0.0012149555573784665,0.07247111658243943,"[""joint_wheel_left"", ""joint_wheel_right""]","[0.0, 0.0]","[-0.030290186405181885, 0.023006178438663483]"
77,3.12,0.04,06_right_turn,3,,False,0.0,-0.5,0.0,-0.5,False,False,-4.955898761749268,-3.7465898990631104,-2.089657364403214,-4.955898761749268,-3.7465898990631104,-2.1096573428764684,-4.955957412719727,-3.7465765476226807,-2.1067825658547346,-3.877796432047405e-05,-0.0015627159934443087,-2.6068914752839467e-05,-0.0015502207550977492,-0.0014662742614746094,0.0003337860107421875,0.0004372581868862247,-0.0014388115195643472,-0.4281300362880103,-0.0,-0.0,0.0015037863248580547,0.07186996371198973,"[""joint_wheel_left"", ""joint_wheel_right""]","[0.0, 0.0]","[-0.026608258485794067, 0.04864387959241867]"
78,3.16,0.04,06_right_turn,4,,False,0.0,-0.5,0.0,-0.5,False,False,-4.955957412719727,-3.7465765476226807,-2.1067825658547346,-4.955957412719727,-3.7465765476226807,-2.1267825399372993,-4.9560394287109375,-3.7466018199920654,-2.123939013520071,-2.6068914752839467e-05,-0.0015502207550977492,-2.3338765111264037e-05,-0.001551460202476882,-0.0020503997802734375,-0.0006318092346191406,0.0015903247786687893,-0.0014402045918019606,-0.42891119163340763,-0.0,-0.0,0.0021455354035520794,0.07108880836659237,"[""joint_wheel_left"", ""joint_wheel_right""]","[0.0, 0.0]","[-0.01389215886592865, 0.06340564042329788]"
79,3.2,0.04,06_right_turn,5,,False,0.0,-0.5,0.0,-0.5,False,False,-4.9560394287109375,-3.7466018199920654,-2.123939013520071,-4.9560394287109375,-3.7466018199920654,-2.1439390033370738,-4.956157684326172,-3.746673345565796,-2.1410258114716503,-2.3338765111264037e-05,-0.001551460202476882,-1.7700739756535386e-05,-0.001548709213518299,-0.002956390380859375,-0.0017881393432617188,0.0030746685073594973,-0.0015761027773625715,-0.42716994878948533,-0.0,-0.0,0.003455095714297694,0.07283005121051467,"[""joint_wheel_left"", ""joint_wheel_right""]","[0.0, 0.0]","[-0.01658770442008972, 0.09090131521224976]"
80,3.24,0.04,06_right_turn,6,,False,0.0,-0.5,0.0,-0.5,False,False,-4.956157684326172,-3.746673345565796,-2.1410258114716503,-4.956157684326172,-3.746673345565796,-2.1610258704639387,-4.956300735473633,-3.7467751502990723,-2.1582505994912777,-1.7700739756535386e-05,-0.001548709213518299,-1.6890296092911145e-05,-0.0015518974293369937,-0.0035762786865234375,-0.0025451183319091797,0.0040729878613063285,-0.0016365104487149691,-0.43061970049068643,-0.0,-0.0,0.004389464268803423,0.06938029950931357,"[""joint_wheel_left"", ""joint_wheel_right""]","[0.0, 0.0]","[-0.01566193997859955, 0.1034088134765625]"
81,3.2800000000000002,0.04,06_right_turn,7,,False,0.0,-0.5,0.0,-0.5,False,False,-4.956300735473633,-3.7467751502990723,-2.1582505994912777,-4.956300735473633,-3.7467751502990723,-2.1782505340894147,-4.956489562988281,-3.7469398975372314,-2.1756526785202235,-1.6890296092911145e-05,-0.0015518974293369937,-1.972463109794182e-05,-0.0015495390399039115,-0.0047206878662109375,-0.004118680953979492,0.00604461425059565,-0.0016465312910359689,-0.43505197572364374,-0.0,-0.0,0.0062648564812663185,0.06494802427635626,"[""joint_wheel_left"", ""joint_wheel_right""]","[0.0, 0.0]","[0.006670914590358734, 0.12015905976295471]"
82,3.3200000000000003,0.04,06_right_turn,8,,False,0.0,-0.5,0.0,-0.5,False,False,-4.956489562988281,-3.7469398975372314,-2.1756526785202235,-4.956489562988281,-3.7469398975372314,-2.1956526733977606,-4.956692695617676,-3.7471508979797363,-2.193396900757816,-1.972463109794182e-05,-0.0015495390399039115,-7.906518703714664e-05,-0.0015666310475026678,-0.005078315734863281,-0.00527501106262207,0.007226891959940211,-0.0011777372428079008,-0.44360555593980777,-0.0,-0.0,0.007322228650741877,0.05639444406019223,"[""joint_wheel_left"", ""joint_wheel_right""]","[0.0, 0.0]","[0.0343608483672142, 0.1033519059419632]"
83,3.36,0.04,06_right_turn,9,,False,0.0,-0.5,0.0,-0.5,False,False,-4.956692695617676,-3.7471508979797363,-2.193396900757816,-4.956692695617676,-3.7471508979797363,-2.21339675814238,-4.956882953643799,-3.747342586517334,-2.211636620818108,-7.906518703714664e-05,-0.0015666310475026678,-5.16916455248802e-05,-0.0015431235232165473,-0.004756450653076172,-0.004792213439941406,0.006666747927135537,-0.0010693944759244812,-0.4559930015073044,-0.0,-0.0,0.006751972487288717,0.044006998492695626,"[""joint_wheel_left"", ""joint_wheel_right""]","[0.0, 0.0]","[0.0490105003118515, 0.010069265961647034]"
84,3.4,0.04,06_right_turn,10,,False,0.0,-0.5,0.0,-0.5,False,False,-4.956882953643799,-3.747342586517334,-2.211636620818108,-4.956882953643799,-3.747342586517334,-2.231636541876509,-4.956859588623047,-3.747302293777466,-2.2310829390053137,-5.16916455248802e-05,-0.0015431235232165473,-4.25357711076397e-05,-0.0015482598489345945,0.0005841255187988281,0.0010073184967041016,-0.0011566907877575438,-0.00013401342108551573,-0.4861579546801442,-0.0,-0.0,0.0011644282612141511,0.013842045319855778,"[""joint_wheel_left"", ""joint_wheel_right""]","[0.0, 0.0]","[0.01576180011034012, -0.0011031627655029297]"
85,3.44,0.04,06_right_turn,11,,False,0.0,-0.5,0.0,-0.5,False,False,-4.956859588623047,-3.747302293777466,-2.2310829390053137,-4.956859588623047,-3.747302293777466,-2.251083026639139,-4.9571638107299805,-3.7475998401641846,-2.2495595397540513,-4.25357711076397e-05,-0.0015482598489345945,-3.8803154805450896e-05,-0.0015538937556155675,-0.007605552673339844,-0.00743865966796875,0.010539990318494867,-0.0014445390991061052,-0.46191501871843954,-0.0,-0.0,0.010638519122641637,0.03808498128156046,"[""joint_wheel_left"", ""joint_wheel_right""]","[0.0, 0.0]","[0.10834470391273499, 0.07542053610086441]"
86,3.48,0.04,06_right_turn,12,,False,0.0,-0.5,0.0,-0.5,False,False,-4.9571638107299805,-3.7475998401641846,-2.2495595397540513,-4.9571638107299805,-3.7475998401641846,-2.2695593930896654,-4.9573211669921875,-3.7477540969848633,-2.2685083644553634,-3.8803154805450896e-05,-0.0015538937556155675,-3.994398906253308e-05,-0.0015465069338302607,-0.003933906555175781,-0.0038564205169677734,0.005471472066963071,-0.0006407756307693266,-0.47372061753280237,-0.0,-0.0,0.0055088655809109165,0.02627938246719763,"[""joint_wheel_left"", ""joint_wheel_right""]","[0.0, 0.0]","[0.0692942813038826, 0.06833396852016449]"
87,3.52,0.04,06_right_turn,13,,False,0.0,-0.5,0.0,-0.5,False,False,-4.9573211669921875,-3.7477540969848633,-2.2685083644553634,-4.9573211669921875,-3.7477540969848633,-2.2885083214644357,-4.9574785232543945,-3.747896671295166,-2.2875814605781355,-3.994398906253308e-05,-0.0015465069338302607,-4.713337799765342e-05,-0.0015489324835917951,-0.003933906555175781,-0.0035643577575683594,0.005258819207713712,-0.0007246292495987458,-0.47682740306930205,-0.0,-0.0,0.005308508925187253,0.023172596930697953,"[""joint_wheel_left"", ""joint_wheel_right""]","[0.0, 0.0]","[0.06119886040687561, 0.03888348489999771]"
88,3.56,0.04,06_right_turn,14,,False,0.0,-0.5,0.0,-0.5,False,False,-4.9574785232543945,-3.747896671295166,-2.2875814605781355,-4.9574785232543945,-3.747896671295166,-2.3075815866201905,-4.957555770874023,-3.7479848861694336,-2.3068620698534614,-4.713337799765342e-05,-0.0015489324835917951,-4.2796395147459616e-05,-0.0015565298545547391,-0.0019311904907226562,-0.002205371856689453,0.0029314008773470603,-7.115758876222091e-06,-0.4820152318831483,-0.0,-0.0,0.0029314095138235972,0.01798476811685168,"[""joint_wheel_left"", ""joint_wheel_right""]","[0.0, 0.0]","[0.056097932159900665, 0.006004959344863892]"
89,3.6,0.04,06_right_turn,15,,False,0.0,-0.5,0.0,-0.5,False,False,-4.957555770874023,-3.7479848861694336,-2.3068620698534614,-4.957555770874023,-3.7479848861694336,-2.326862066171659,-4.957613468170166,-3.74809193611145,-2.3260267471650686,-4.2796395147459616e-05,-0.0015565298545547391,-3.594346337489758e-05,-0.0015394655938736894,-0.0014424324035644531,-0.002676248550415039,0.002951826188768377,0.0007277634875098372,-0.4791169327901801,-0.0,-0.0,0.003040216693338046,0.020883067209819917,"[""joint_wheel_left"", ""joint_wheel_right""]","[0.0, 0.0]","[0.04649020731449127, 0.02556478977203369]"
90,3.64,0.04,07_forward_left,1,,False,0.5,0.5,0.5,0.5,False,False,-4.957613468170166,-3.74809193611145,-2.3260267471650686,-4.9711761474609375,-3.7627906799316406,-2.306026771146507,-4.970543384552002,-3.762436628341675,-2.3064454417654123,-3.594346337489758e-05,-0.0015394655938736894,-1.0170905931747656e-05,-0.001538027990613474,-0.32324790954589844,-0.35861730575561523,0.4826865119434176,0.010455343184550242,0.48953263499140753,-0.3390705858414139,-0.3674658321764901,0.01812880318646512,0.010467365008592466,"[""joint_wheel_left"", ""joint_wheel_right""]","[0.0, 0.0]","[0.017057403922080994, 0.02055618166923523]"
91,3.68,0.04,07_forward_left,2,,False,0.5,0.5,0.5,0.5,False,False,-4.970543384552002,-3.762436628341675,-2.3064454417654123,-4.983815670013428,-3.777398109436035,-2.286445396543992,-4.9831862449646,-3.777070999145508,-2.286734581879004,-1.0170905931747656e-05,-0.001538027990613474,-4.755186494446001e-05,-0.0015376457299727546,-0.3160715103149414,-0.3658592700958252,0.48335199601834933,0.011182714021904822,0.49277149716020485,-0.3318105825516575,-0.3740344065814396,0.017735592784877303,0.007228502839795148,"[""joint_wheel_left"", ""joint_wheel_right""]","[0.0, 0.0]","[0.04302283376455307, 0.030836522579193115]"
92,3.72,0.04,07_forward_left,3,,False,0.5,0.5,0.5,0.5,False,False,-4.9831862449646,-3.777070999145508,-2.286734581879004,-4.996160984039307,-3.7922911643981934,-2.2667345852320957,-4.99554967880249,-3.791942596435547,-2.267140065106811,-4.755186494446001e-05,-0.0015376457299727546,-5.17180016077879e-05,-0.0015379542396673665,-0.3090858459472656,-0.37178993225097656,0.4833681926486258,0.010816849066319967,0.4898629193048287,-0.32437406505096295,-0.380501597792064,0.01759610070050822,0.010137080695171274,"[""joint_wheel_left"", ""joint_wheel_right""]","[0.0, 0.0]","[0.031860046088695526, 0.014301910996437073]"
93,3.7600000000000002,0.04,07_forward_left,4,,False,0.5,0.5,0.5,0.5,False,False,-4.99554967880249,-3.791942596435547,-2.267140065106811,-5.008224010467529,-3.8074140548706055,-2.247140131316268,-5.007607936859131,-3.807069778442383,-2.2475405775647848,-5.17180016077879e-05,-0.0015379542396673665,-5.555280884513334e-05,-0.0015220792656628584,-0.3014564514160156,-0.37817955017089844,0.4834957837241305,0.011295635829315198,0.4899871885506557,-0.3168565282794204,-0.38678410061261936,0.01764088024172532,0.010012811449344294,"[""joint_wheel_left"", ""joint_wheel_right""]","[0.0, 0.0]","[0.04743830859661102, 0.03398670256137848]"
94,3.8000000000000003,0.04,07_forward_left,5,,False,0.5,0.5,0.5,0.5,False,False,-5.007607936859131,-3.807069778442383,-2.2475405775647848,-5.019976615905762,-3.822786569595337,-2.2275405120499765,-5.019362449645996,-3.822456121444702,-2.22786941925886,-5.555280884513334e-05,-0.0015220792656628584,-4.946412530122736e-05,-0.0015239043264281128,-0.29386281967163086,-0.3846585750579834,0.48391987276993853,0.011795460538962854,0.49177895764811463,-0.30921538678348104,-0.39291964137256136,0.01743406245192779,0.008221042351885366,"[""joint_wheel_left"", ""joint_wheel_right""]","[0.0, 0.0]","[0.03943110257387161, 0.039548635482788086]"
95,3.84,0.04,07_forward_left,6,,False,0.5,0.5,0.5,0.5,False,False,-5.019362449645996,-3.822456121444702,-2.22786941925886,-5.03141975402832,-3.8384132385253906,-2.207869362751468,-5.030722618103027,-3.8380982875823975,-2.2079162525109037,-4.946412530122736e-05,-0.0015239043264281128,-2.3287993478061708e-05,-0.0015458589276866265,-0.28400421142578125,-0.3910541534423828,0.4831005188144009,0.013986842151649498,0.49882916869891103,-0.30142687657186173,-0.39892585536679825,0.019118393028162525,0.0011708313010889704,"[""joint_wheel_left"", ""joint_wheel_right""]","[0.0, 0.0]","[0.026143446564674377, 0.036640092730522156]"
96,3.88,0.04,07_forward_left,7,,False,0.5,0.5,0.5,0.5,False,False,-5.030722618103027,-3.8380982875823975,-2.2079162525109037,-5.042459011077881,-3.854292631149292,-2.1879163728577753,-5.041784286499023,-3.8539798259735107,-2.1881054662144934,-2.3287993478061708e-05,-0.0015458589276866265,-2.9655906843670618e-05,-0.0015287000585558746,-0.27654170989990234,-0.39703845977783203,0.48365436242223064,0.013903724934723,0.49526965741025775,-0.29340756924329253,-0.40486046770553247,0.0185914232755868,0.0047303425897422535,"[""joint_wheel_left"", ""joint_wheel_right""]","[0.0, 0.0]","[0.0300762876868248, 0.04405580461025238]"
97,3.92,0.04,07_forward_left,8,,False,0.5,0.5,0.5,0.5,False,False,-5.041784286499023,-3.8539798259735107,-2.1881054662144934,-5.053197383880615,-3.870403528213501,-2.1681055716319526,-5.052521705627441,-3.8700978755950928,-2.168360200000927,-2.9655906843670618e-05,-0.0015287000585558746,-3.460206006081586e-05,-0.0015280113712379307,-0.2684354782104492,-0.4029512405395508,0.48396415829058403,0.014352759474119736,0.4936316553391551,-0.28532991511642813,-0.4105932775139553,0.018542457428514382,0.006368344660844905,"[""joint_wheel_left"", ""joint_wheel_right""]","[0.0, 0.0]","[0.033442892134189606, 0.04431028664112091]"
98,3.96,0.04,07_forward_left,9,,False,0.5,0.5,0.5,0.5,False,False,-5.052521705627441,-3.8700978755950928,-2.168360200000927,-5.063608646392822,-3.8867437839508057,-2.1483601864166464,-5.062927722930908,-3.8864383697509766,-2.1485849593892703,-3.460206006081586e-05,-0.0015280113712379307,-3.652101630016616e-05,-0.0015306530953817959,-0.2601504325866699,-0.4085123538970947,0.48408920323601834,0.01477275099274386,0.494381015291423,-0.2771675485707937,-0.4161467890291318,0.018651188600258228,0.005618984708577024,"[""joint_wheel_left"", ""joint_wheel_right""]","[0.0, 0.0]","[0.036326050758361816, 0.04549211263656616]"
99,4.0,0.04,07_forward_left,10,,False,0.5,0.5,0.5,0.5,False,False,-5.062927722930908,-3.8864383697509766,-2.1485849593892703,-5.073683261871338,-3.9033002853393555,-2.128584972124473,-5.072992324829102,-3.9029927253723145,-2.128651546395754,-3.652101630016616e-05,-0.0015306530953817959,-6.1019020284082e-05,-0.001527156897220732,-0.251615047454834,-0.41385889053344727,0.4841035188135242,0.015267496574032924,0.4983353248379063,-0.26888448921847113,-0.4215461202024304,0.018903098127326885,0.0016646751620936762,"[""joint_wheel_left"", ""joint_wheel_right""]","[0.0, 0.0]","[0.04954887926578522, 0.06121993064880371]"
100,4.04,0.04,07_forward_left,11,,False,0.5,0.5,0.5,0.5,False,False,-5.072992324829102,-3.9029927253723145,-2.128651546395754,-5.083409309387207,-3.9200656414031982,-2.108651460005579,-5.082674503326416,-3.919734477996826,-2.108622822406953,-6.1019020284082e-05,-0.001527156897220732,-3.4846708226631175e-05,-0.001507792683336794,-0.24205446243286133,-0.41854381561279297,0.48322524722425203,0.0162064436702698,0.5007180997200211,-0.2604287751229844,-0.4268218048412499,0.020152927144731766,0.0007180997200211259,"[""joint_wheel_left"", ""joint_wheel_right""]","[0.0, 0.0]","[0.05817228555679321, 0.07440915703773499]"
101,4.08,0.04,07_forward_left,12,,False,0.5,0.5,0.5,0.5,False,False,-5.082674503326416,-3.919734477996826,-2.108622822406953,-5.092747688293457,-3.9370126724243164,-2.088622990688918,-5.0920305252075195,-3.9367082118988037,-2.0888185635908365,-3.4846708226631175e-05,-0.001507792683336794,-2.936111381717871e-05,-0.0015323862748465524,-0.2339005470275879,-0.4243433475494385,0.4842566675863201,0.01649916384125963,0.49510647040291733,-0.2518284168138608,-0.431951905291578,0.01947559154400782,0.004893529597082669,"[""joint_wheel_left"", ""joint_wheel_right""]","[0.0, 0.0]","[0.028123050928115845, 0.0423528254032135]"
102,4.12,0.04,07_forward_left,13,,False,0.5,0.5,0.5,0.5,False,False,-5.0920305252075195,-3.9367082118988037,-2.0888185635908365,-5.101759433746338,-3.9541823863983154,-2.068818704101796,-5.101200580596924,-3.953788995742798,-2.0691591871812287,-2.936111381717871e-05,-0.0015323862748465524,-7.01041070926686e-05,-0.0015337254792254283,-0.22925138473510742,-0.4270195960998535,0.4845114711274844,0.012270582794925294,0.49148441024019496,-0.24322510563526634,-0.43685414956105606,0.01708751935117526,0.008515589759805042,"[""joint_wheel_left"", ""joint_wheel_right""]","[0.0, 0.0]","[0.0498364195227623, 0.05682176351547241]"
103,4.16,0.04,07_forward_left,14,,False,0.5,0.5,0.5,0.5,False,False,-5.101200580596924,-3.953788995742798,-2.0691591871812287,-5.110584259033203,-3.9714510440826416,-2.0491593390604517,-5.109844207763672,-3.971092700958252,-2.049148922076768,-7.01041070926686e-05,-0.0015337254792254283,-4.160420447766914e-05,-0.001523294985966985,-0.21609067916870117,-0.43259263038635254,0.4832635646888068,0.01696739615973525,0.5002566276115172,-0.2345903780246975,-0.44155107806258326,0.020554625818299775,0.000256627611517235,"[""joint_wheel_left"", ""joint_wheel_right""]","[0.0, 0.0]","[0.03371982276439667, 0.07181151211261749]"
104,4.2,0.04,07_forward_left,15,,False,0.5,0.5,0.5,0.5,False,False,-5.109844207763672,-3.971092700958252,-2.049148922076768,-5.11887264251709,-3.988939046859741,-2.029148977922199,-5.118132591247559,-3.9885997772216797,-2.029088906391558,-4.160420447766914e-05,-0.001523294985966985,-5.4375188879169616e-05,-0.0015259065673831566,-0.20720958709716797,-0.43767690658569336,0.4839317838410413,0.017519021999764905,0.5015003921302497,-0.22570844884271854,-0.4461565825144956,0.02034976141723785,0.0015003921302496614,"[""joint_wheel_left"", ""joint_wheel_right""]","[0.0, 0.0]","[0.025386571884155273, 0.07433226704597473]"
105,4.24,0.04,08_forward_right,1,,False,0.5,-0.5,0.5,-0.5,False,False,-5.118132591247559,-3.9885997772216797,-2.029088906391558,-5.12716007232666,-4.006446361541748,-2.049088847399344,-5.126677989959717,-4.006024360656738,-2.0484413594498454,-5.4375188879169616e-05,-0.0015259065673831566,-3.006502939961436e-06,-0.0015664573982972828,-0.21363496780395508,-0.43561458587646484,0.4851790201274089,0.0011337218037350272,-0.48381132645718405,-0.22568167204323622,-0.44617012775820075,0.016016945634102497,0.016188673542815946,"[""joint_wheel_left"", ""joint_wheel_right""]","[0.0, 0.0]","[-0.02719995379447937, -0.0044281333684921265]"
106,4.28,0.04,08_forward_right,2,,False,0.5,-0.5,0.5,-0.5,False,False,-5.126677989959717,-4.006024360656738,-2.0484413594498454,-5.136048793792725,-4.023693084716797,-2.0684413697473945,-5.135434150695801,-4.023306846618652,-2.0674616856053984,-3.006502939961436e-06,-0.0015664573982972828,-6.439811758460503e-05,-0.0015871420788748016,-0.2189040184020996,-0.43206214904785156,0.4843335070362529,0.00420997320640773,-0.47550815388882617,-0.23427336000379226,-0.4417193597665078,0.018151539332355502,0.02449184611117383,"[""joint_wheel_left"", ""joint_wheel_right""]","[0.0, 0.0]","[0.04963172972202301, -0.01759198307991028]"
107,4.32,0.04,08_forward_right,3,,False,0.5,-0.5,0.5,-0.5,False,False,-5.135434150695801,-4.023306846618652,-2.0674616856053984,-5.145139217376709,-4.040794372558594,-2.0874617153244057,-5.144628047943115,-4.040307521820068,-2.086803527695916,-6.439811758460503e-05,-0.0015871420788748016,5.059280352435601e-05,-0.001569445948721575,-0.22984743118286133,-0.4250168800354004,0.48318629330741547,0.00044260165657697415,-0.4835460522629398,-0.24263212413575944,-0.4371837741012004,0.017648843732898826,0.016453947737060215,"[""joint_wheel_left"", ""joint_wheel_right""]","[0.0, 0.0]","[0.035174861550331116, -0.025416262447834015]"
108,4.36,0.04,08_forward_right,4,,False,0.5,-0.5,0.5,-0.5,False,False,-5.144628047943115,-4.040307521820068,-2.086803527695916,-5.154669761657715,-4.05760383605957,-2.1068035610249556,-5.1545233726501465,-4.057231903076172,-2.107187783466438,5.059280352435601e-05,-0.001569445948721575,-2.3409363975013915e-05,-0.0015517421020034207,-0.24738311767578125,-0.4231095314025879,0.4900806530739758,-0.006405931414895094,-0.5096063942630514,-0.25104215267572727,-0.4324093403014519,0.009993747179422745,0.009606394263051432,"[""joint_wheel_left"", ""joint_wheel_right""]","[0.0, 0.0]","[0.007679283618927002, -0.02049797773361206]"
109,4.4,0.04,08_forward_right,5,,False,0.5,-0.5,0.5,-0.5,False,False,-5.1545233726501465,-4.057231903076172,-2.107187783466438,-5.164915561676025,-4.074319839477539,-2.127187868225238,-5.164305686950684,-4.073849201202393,-2.1263932370342364,-2.3409363975013915e-05,-0.0015517421020034207,-7.44248211351045e-05,-0.0015268580584089037,-0.24455785751342773,-0.4154324531555176,0.48206669806696356,0.0020898375975951233,-0.4801363391949587,-0.2598037304131919,-0.42720255343734725,0.019260630859867747,0.019863660805041317,"[""joint_wheel_left"", ""joint_wheel_right""]","[0.0, 0.0]","[0.06086623668670654, -0.009981289505958557]"
110,4.44,0.04,08_forward_right,6,,False,0.5,-0.5,0.5,-0.5,False,False,-5.164305686950684,-4.073849201202393,-2.1263932370342364,-5.175024032592773,-4.090734481811523,-2.1463933154339996,-5.174525737762451,-4.0901947021484375,-2.145780181168424,-7.44248211351045e-05,-0.0015268580584089037,-2.1788107261509935e-05,-0.0015120410720755937,-0.25550127029418945,-0.40863752365112305,0.48193689545248364,-0.0015341640356899833,-0.48467360335469056,-0.267959932090026,-0.4221344273976107,0.018368033767526385,0.015326396645309437,"[""joint_wheel_left"", ""joint_wheel_right""]","[0.0, 0.0]","[0.04632031172513962, 0.0202934592962265]"
111,4.48,0.04,08_forward_right,7,,False,0.5,-0.5,0.5,-0.5,False,False,-5.174525737762451,-4.0901947021484375,-2.145780181168424,-5.1855692863464355,-4.106869220733643,-2.1657801079048795,-5.185083389282227,-4.106334686279297,-2.1650936755974426,-2.1788107261509935e-05,-0.0015120410720755937,-2.9034900678949717e-05,-0.001584269899464909,-0.26394128799438477,-0.4034996032714844,0.48215418287552714,-0.0020681595714082956,-0.48283736072546324,-0.2760929607271648,-0.41686050069166813,0.018060363509001236,0.017162639274536762,"[""joint_wheel_left"", ""joint_wheel_right""]","[0.0, 0.0]","[0.026181548833847046, -0.011429041624069214]"
112,4.5200000000000005,0.04,08_forward_right,8,,False,0.5,-0.5,0.5,-0.5,False,False,-5.185083389282227,-4.106334686279297,-2.1650936755974426,-5.196446895599365,-4.122792720794678,-2.1850936102610414,-5.195921421051025,-4.1222310066223145,-2.18408909179357,-2.9034900678949717e-05,-0.001584269899464909,-2.9273076287709025e-05,-0.0015805847049629065,-0.2709507942199707,-0.39740800857543945,0.48098186907472334,-0.001974788524161858,-0.4748854049031803,-0.2840920019092069,-0.4114507679555589,0.019232535728280185,0.02511459509681968,"[""joint_wheel_left"", ""joint_wheel_right""]","[0.0, 0.0]","[0.024094343185424805, -0.004044532775878906]"
113,4.5600000000000005,0.04,08_forward_right,9,,False,0.5,-0.5,0.5,-0.5,False,False,-5.195921421051025,-4.1222310066223145,-2.18408909179357,-5.2075958251953125,-4.13847017288208,-2.204089083271083,-5.20707368850708,-4.13787841796875,-2.2032288154397013,-2.9273076287709025e-05,-0.0015805847049629065,-2.608433383210952e-05,-0.0015867510421231153,-0.2788066864013672,-0.39118528366088867,0.4803654904380127,-0.0028443155956771604,-0.478493091153287,-0.2918559581567722,-0.4059804178632172,0.01972763263575541,0.021506908846713024,"[""joint_wheel_left"", ""joint_wheel_right""]","[0.0, 0.0]","[0.01929984986782074, -0.0040403008460998535]"
114,4.6000000000000005,0.04,08_forward_right,10,,False,0.5,-0.5,0.5,-0.5,False,False,-5.20707368850708,-4.13787841796875,-2.2032288154397013,-5.219056606292725,-4.153891086578369,-2.223228859838345,-5.2185211181640625,-4.153334617614746,-2.222059451595298,-2.608433383210952e-05,-0.0015867510421231153,-3.7625496061315146e-05,-0.0015906809660419,-0.28618574142456055,-0.38640499114990234,0.48083801983149344,-0.002427851892079419,-0.4707659038899137,-0.29957238072962505,-0.4003203575937459,0.019309053191452586,0.029234096110086316,"[""joint_wheel_left"", ""joint_wheel_right""]","[0.0, 0.0]","[0.03693361580371857, 0.004855580627918243]"
115,4.64,0.04,08_forward_right,11,,False,0.5,-0.5,0.5,-0.5,False,False,-5.2185211181640625,-4.153334617614746,-2.222059451595298,-5.230803489685059,-4.169118881225586,-2.2420594634261977,-5.230257511138916,-4.168572902679443,-2.240858346510562,-3.7625496061315146e-05,-0.0015906809660419,-5.360962108423475e-05,-0.001586836184228497,-0.2934098243713379,-0.38095712661743164,0.48084487554060557,-0.0024213683257067464,-0.46997237288159954,-0.30705711068936936,-0.3946085791960134,0.019303123616440817,0.030027627118400457,"[""joint_wheel_left"", ""joint_wheel_right""]","[0.0, 0.0]","[0.024843215942382812, -0.005963556468486786]"
116,4.68,0.04,08_forward_right,12,,False,0.5,-0.5,0.5,-0.5,False,False,-5.230257511138916,-4.168572902679443,-2.240858346510562,-5.242834568023682,-4.184123516082764,-2.2608583122552126,-5.242306232452393,-4.1835455894470215,-2.2599119122865097,-5.360962108423475e-05,-0.001586836184228497,-5.5063072772564116e-05,-0.0015905457257636283,-0.30121803283691406,-0.3743171691894531,0.48045031034559893,-0.0036257061330921547,-0.4763391443986964,-0.31442062382402725,-0.3887668598454729,0.01957299079925362,0.0236608556013036,"[""joint_wheel_left"", ""joint_wheel_right""]","[0.0, 0.0]","[0.0031877458095550537, -0.008523069322109222]"
117,4.72,0.04,08_forward_right,13,,False,0.5,-0.5,0.5,-0.5,False,False,-5.242306232452393,-4.1835455894470215,-2.2599119122865097,-5.255177021026611,-4.198853969573975,-2.279911858790654,-5.254591941833496,-4.198317050933838,-2.2786110226951974,-5.5063072772564116e-05,-0.0015905457257636283,-1.4961725452026443e-05,-0.0015954093993201148,-0.3071427345275879,-0.36928653717041016,0.4803167452471605,-0.002242798156640413,-0.4674777602171942,-0.3217704989244143,-0.3827058217769015,0.01985065970186072,0.03252223978280577,"[""joint_wheel_left"", ""joint_wheel_right""]","[0.0, 0.0]","[0.0304298996925354, -0.0025959834456443787]"
118,4.76,0.04,08_forward_right,14,,False,0.5,-0.5,0.5,-0.5,False,False,-5.254591941833496,-4.198317050933838,-2.2786110226951974,-5.267746925354004,-4.213381767272949,-2.2986109667403083,-5.267172336578369,-4.212801933288574,-2.297621564194214,-1.4961725452026443e-05,-0.0015954093993201148,-9.979258797915587e-06,-0.001587896030038345,-0.31450986862182617,-0.3621220588684082,0.4796211770368444,-0.003517032471442083,-0.47526353747541217,-0.32887008733705964,-0.3766224444386112,0.02040776967808812,0.024736462524587832,"[""joint_wheel_left"", ""joint_wheel_right""]","[0.0, 0.0]","[-0.03182348608970642, -0.02071647346019745]"
119,4.8,0.04,08_forward_right,15,,False,0.5,-0.5,0.5,-0.5,False,False,-5.267172336578369,-4.212801933288574,-2.297621564194214,-5.280611038208008,-4.227613925933838,-2.317621617303713,-5.279975891113281,-4.227020263671875,-2.3165683777913095,-9.979258797915587e-06,-0.001587896030038345,4.965637708147122e-07,-0.0015981716664757158,-0.32008886337280273,-0.35545825958251953,0.47832883766600803,-0.002996300687912873,-0.47367033992739005,-0.3359700275468727,-0.3703027688124322,0.021738694298433055,0.02632966007260995,"[""joint_wheel_left"", ""joint_wheel_right""]","[0.0, 0.0]","[0.05058304965496063, -0.03344909846782684]"
120,4.84,0.04,09_continuous_variable,1,,False,0.1,0.0,0.10000000149011612,0.0,False,False,-5.279975891113281,-4.227020263671875,-2.3165683777913095,-5.282690048217773,-4.229958534240723,-2.3165684687538914,-5.282527446746826,-4.229835033416748,-2.317210690985061,4.965637708147122e-07,-0.0015981716664757158,-2.846851908649532e-05,-0.0015949471274551061,-0.06378889083862305,-0.07036924362182617,0.09497398971245465,0.0008912465586188439,-0.016057829843785232,-0.06785391438009825,-0.07345642654881547,0.005104421105026679,0.016057829843785232,"[""joint_wheel_left"", ""joint_wheel_right""]","[0.0, 0.0]","[0.005297616124153137, -0.018944151699543]"
121,4.88,0.04,09_continuous_variable,2,,False,0.3,0.2,0.30000001192092896,0.20000000298023224,False,False,-5.282527446746826,-4.229835033416748,-2.317210690985061,-5.290640354156494,-4.238677024841309,-2.3092104755364176,-5.290271282196045,-4.2382731437683105,-2.3102286454659526,-2.846851908649532e-05,-0.0015949471274551061,-2.8243164950659672e-05,-0.0015299700217496664,-0.19359588623046875,-0.2109527587890625,0.2863200838214378,0.0011149917317316016,0.1745511379777076,-0.2028206710491454,-0.22105153821616322,0.013677792251241416,0.025448865002524634,"[""joint_wheel_left"", ""joint_wheel_right""]","[0.0, 0.0]","[0.00041006505489349365, -0.03159615397453308]"
122,4.92,0.04,09_continuous_variable,3,,False,0.6,0.4,0.6000000238418579,0.4000000059604645,False,False,-5.290271282196045,-4.2382731437683105,-2.3102286454659526,-5.306301593780518,-4.256134510040283,-2.2942287358042943,-5.305484294891357,-4.255730628967285,-2.2939468483832,-2.8243164950659672e-05,-0.0015299700217496664,6.557050833162327e-05,-0.0015015063471305959,-0.3803253173828125,-0.43643712997436523,0.5787513907765582,0.013097447720744948,0.40704492706881146,-0.40076178254846284,-0.44653109887084985,0.022793361238528174,0.00704492110834698,"[""joint_wheel_left"", ""joint_wheel_right""]","[0.0, 0.0]","[-0.106486976146698, 0.11790357530117035]"
123,4.96,0.04,09_continuous_variable,4,,False,1.0,0.5,1.0,0.5,False,False,-5.305484294891357,-4.255730628967285,-2.2939468483832,-5.331653118133545,-4.285982608795166,-2.2739468853983427,-5.33126974105835,-4.285383224487305,-2.2753149781322732,6.557050833162327e-05,-0.0015015063471305959,-2.297397616259248e-05,-0.0015321383625859085,-0.6446361541748047,-0.7413148880004883,0.982369964182582,0.007265529049660491,0.4657967562731736,-0.6542197675524123,-0.7563044993543723,0.017791405057272662,0.03420324372682643,"[""joint_wheel_left"", ""joint_wheel_right""]","[0.0, 0.0]","[-0.02463299036026001, 0.11493544280529022]"
124,5.0,0.04,09_continuous_variable,5,,False,0.7,0.0,0.699999988079071,0.0,False,False,-5.33126974105835,-4.285383224487305,-2.2753149781322732,-5.349404335021973,-4.3067169189453125,-2.275315075568775,-5.348596096038818,-4.306267738342285,-2.274638250975152,-2.297397616259248e-05,-0.0015321383625859085,-6.160122842667589e-05,-0.0015598440296666727,-0.43315887451171875,-0.5221128463745117,0.6783527672098169,0.008121461465615765,0.01691817892802705,-0.4533669999212087,-0.5333463665322399,0.02312056028083573,0.01691817892802705,"[""joint_wheel_left"", ""joint_wheel_right""]","[0.0, 0.0]","[-0.0534469373524189, -0.03596363216638565]"
125,5.04,0.04,09_continuous_variable,6,,False,0.4,-0.3,0.4000000059604645,-0.30000001192092896,False,False,-5.348596096038818,-4.306267738342285,-2.274638250975152,-5.359023571014404,-4.318403244018555,-2.2866383386898486,-5.358933448791504,-4.318304061889648,-2.2855768970962296,-6.160122842667589e-05,-0.0015598440296666727,-2.6669592416588362e-05,-0.0015798167125624782,-0.25843381881713867,-0.30090808868408203,0.396646551215838,-0.002286908939736043,-0.27346615302693555,-0.26068555763798074,-0.3033859667277751,0.003348164768452043,0.0265338588939934,"[""joint_wheel_left"", ""joint_wheel_right""]","[0.0, 0.0]","[-0.006756678223609924, 0.0065734535455703735]"
126,5.08,0.04,09_continuous_variable,7,,False,0.8,-0.5,0.800000011920929,-0.5,False,False,-5.358933448791504,-4.318304061889648,-2.2855768970962296,-5.380148410797119,-4.342260837554932,-2.305576874242496,-5.379458427429199,-4.341702461242676,-2.3053668553355626,-2.6669592416588362e-05,-0.0015798167125624782,1.3928971672537376e-06,-0.001576579659230697,-0.5131244659423828,-0.5849599838256836,0.778111782179533,-0.004117603598038089,-0.49474895598332624,-0.5303769548610473,-0.5989159413689112,0.02219047374070715,0.005251044016673756,"[""joint_wheel_left"", ""joint_wheel_right""]","[0.0, 0.0]","[-0.0014849454164505005, -0.05182763934135437]"
127,5.12,0.04,09_continuous_variable,8,,False,0.2,-0.5,0.20000000298023224,-0.5,False,False,-5.379458427429199,-4.341702461242676,-2.3053668553355626,-5.3848795890808105,-4.347585678100586,-2.32536681464749,-5.384694576263428,-4.3473615646362305,-2.323289705662846,1.3928971672537376e-06,-0.001576579659230697,-5.240237078730596e-06,-0.0015417982788441937,-0.1309037208557129,-0.1414775848388672,0.1927337993860565,-0.002318128539270617,-0.44807125818208116,-0.13553121175292077,-0.1470758030162605,0.00726317552902576,0.051928741817918844,"[""joint_wheel_left"", ""joint_wheel_right""]","[0.0, 0.0]","[-0.04036268591880798, 0.042278990149497986]"
128,5.16,0.04,09_continuous_variable,9,,False,0.5,0.0,0.5,0.0,False,False,-5.384694576263428,-4.3473615646362305,-2.323289705662846,-5.3983635902404785,-4.361961364746094,-2.323289705662846,-5.397642135620117,-4.361528396606445,-2.3227177824020475,-5.240237078730596e-06,-0.0015417982788441937,-4.823184098553785e-05,-0.0015834182702172985,-0.32368898391723633,-0.3541707992553711,0.4797688857611425,0.0057731802390876275,0.014298081519958927,-0.34173050842232,-0.36499350626199184,0.02103871653449165,0.014298081519958927,"[""joint_wheel_left"", ""joint_wheel_right""]","[0.0, 0.0]","[0.006935939192771912, -0.023376040160655975]"
129,5.2,0.04,09_continuous_variable,10,,False,0.9,0.3,0.8999999761581421,0.30000001192092896,False,False,-5.397642135620117,-4.361528396606445,-2.3227177824020475,-5.4220733642578125,-4.387969017028809,-2.3107177773912935,-5.4213690757751465,-4.387451648712158,-2.3105361148454207,-4.823184098553785e-05,-0.0015834182702172985,-3.2003095867166234e-05,-0.0015067753356767732,-0.5931735038757324,-0.6480813026428223,0.8785074352628928,0.009426914831766386,0.30454168891567157,-0.6107839697248324,-0.6610165651569039,0.02185061838325226,0.004541676994742616,"[""joint_wheel_left"", ""joint_wheel_right""]","[0.0, 0.0]","[-0.08252713084220886, -0.008290141820907593]"
130,5.24,0.04,09_continuous_variable,11,,False,0.3,0.5,0.30000001192092896,0.5,False,False,-5.4213690757751465,-4.387451648712158,-2.3105361148454207,-5.42936897277832,-4.396395683288574,-2.2905361421162707,-5.429294586181641,-4.39629602432251,-2.2923586809610312,-3.2003095867166234e-05,-0.0015067753356767732,-3.0511010822248665e-05,-0.0015651850612015742,-0.19813776016235352,-0.22110939025878906,0.2968849407467203,0.002695629904900382,0.4544358471097354,-0.20000272069089223,-0.22360438025405152,0.003114972367368153,0.04556415289026461,"[""joint_wheel_left"", ""joint_wheel_right""]","[0.0, 0.0]","[0.018738307058811188, -0.03515499830245972]"
131,5.28,0.04,09_continuous_variable,12,,False,0.6,-0.2,0.6000000238418579,-0.20000000298023224,False,False,-5.429294586181641,-4.39629602432251,-2.2923586809610312,-5.445219993591309,-4.41425085067749,-2.300358701743166,-5.444815635681152,-4.413727760314941,-2.3002325248765056,-3.0511010822248665e-05,-0.0015651850612015742,-1.8787549078024107e-06,-0.0015804026650386633,-0.38802623748779297,-0.435793399810791,0.5834966353412252,-0.0034532366050482044,-0.19684609788686025,-0.3981337715794195,-0.4488758498050175,0.016532172974682686,0.003153905093371989,"[""joint_wheel_left"", ""joint_wheel_right""]","[0.0, 0.0]","[-0.00041903555393218994, 0.004837915301322937]"
132,5.32,0.04,09_continuous_variable,13,,False,0.1,-0.4,0.10000000149011612,-0.4000000059604645,False,False,-5.444815635681152,-4.413727760314941,-2.3002325248765056,-5.447504997253418,-4.416688442230225,-2.316232487483854,-5.447425365447998,-4.416591644287109,-2.3142496734966964,-1.8787549078024107e-06,-0.0015804026650386633,-1.8933166342948828e-05,-0.0015378552367298376,-0.06524324417114258,-0.07159709930419922,0.09686055726995063,-0.0009262743142874202,-0.3504287155047692,-0.06723924206293165,-0.07401948814214881,0.003138785635600051,0.049571290455695305,"[""joint_wheel_left"", ""joint_wheel_right""]","[0.0, 0.0]","[0.002485796809196472, 0.0016641318798065186]"
133,5.36,0.04,09_continuous_variable,14,,False,0.5,0.5,0.5,0.5,False,False,-5.447425365447998,-4.416591644287109,-2.3142496734966964,-5.460813999176025,-4.431448936462402,-2.2942497939843607,-5.460115909576416,-4.431096076965332,-2.294787641872886,-1.8933166342948828e-05,-0.0015378552367298376,-2.3363683169495624e-05,-0.0015247541182423542,-0.3172636032104492,-0.3626108169555664,0.481665552017731,0.011878320365908246,0.4865507905952638,-0.3347194995230327,-0.3714335157724064,0.019558842769661394,0.013449209404736207,"[""joint_wheel_left"", ""joint_wheel_right""]","[0.0, 0.0]","[0.011641129851341248, 0.013977855443954468]"
134,5.4,0.04,09_continuous_variable,15,,False,0.0,0.0,0.0,0.0,False,False,-5.460115909576416,-4.431096076965332,-2.294787641872886,-5.460115909576416,-4.431096076965332,-2.294787641872886,-5.460148811340332,-4.4311442375183105,-2.2945086907273007,-2.3363683169495624e-05,-0.0015247541182423542,-3.119306305948834e-05,-0.001529333622236074,-0.0008225440979003906,-0.0012040138244628906,0.0014468453977723662,0.0001812911399750321,0.0069737786396295584,-0.0,-0.0,0.001458159141688082,0.0069737786396295584,"[""joint_wheel_left"", ""joint_wheel_right""]","[0.0, 0.0]","[0.024511516094207764, 0.026156052947044373]"
135,5.44,0.04,10_final_stop,1,,False,0.0,0.0,0.0,0.0,False,False,-5.460148811340332,-4.4311442375183105,-2.2945086907273007,-5.460148811340332,-4.4311442375183105,-2.2945086907273007,-5.4601850509643555,-4.431185245513916,-2.294581989439937,-3.119306305948834e-05,-0.001529333622236074,-3.135637212654869e-05,-0.0015296172451634443,-0.0009059906005859375,-0.0010251998901367188,0.0013681570745752302,-4.874583007738204e-08,-0.001832467815909844,-0.0,-0.0,0.0013681570754436084,0.001832467815909844,"[""joint_wheel_left"", ""joint_wheel_right""]","[0.0, 0.0]","[0.035426199436187744, 0.009380608797073364]"
136,5.48,0.04,10_final_stop,2,,False,0.0,0.0,0.0,0.0,False,False,-5.4601850509643555,-4.431185245513916,-2.294581989439937,-5.4601850509643555,-4.431185245513916,-2.294581989439937,-5.460220813751221,-4.431225776672363,-2.2945779091264136,-3.135637212654869e-05,-0.0015296172451634443,-3.1638995061909705e-05,-0.0015284113182967092,-0.0008940696716308594,-0.0010132789611816406,0.0013513303236797024,1.0895903671986115e-06,0.00010200783808755887,-0.0,-0.0,0.0013513307629531186,0.00010200783808755887,"[""joint_wheel_left"", ""joint_wheel_right""]","[0.0, 0.0]","[0.031794458627700806, 0.012223958969116211]"
137,5.5200000000000005,0.04,10_final_stop,3,,False,0.0,0.0,0.0,0.0,False,False,-5.460220813751221,-4.431225776672363,-2.2945779091264136,-5.460220813751221,-4.431225776672363,-2.2945779091264136,-5.4602532386779785,-4.431263446807861,-2.294583994806939,-3.1638995061909705e-05,-0.0015284113182967092,-3.165397568401682e-05,-0.0015288593411569512,-0.0008106231689453125,-0.0009417533874511719,0.0012424755358424859,1.624523436659104e-05,-0.0001521420131322948,-0.0,-0.0,0.0012425817336524378,0.0001521420131322948,"[""joint_wheel_left"", ""joint_wheel_right""]","[0.0, 0.0]","[0.030683621764183044, 0.010009244084358215]"
138,5.5600000000000005,0.04,10_final_stop,4,,False,0.0,0.0,0.0,0.0,False,False,-5.4602532386779785,-4.431263446807861,-2.294583994806939,-5.4602532386779785,-4.431263446807861,-2.294583994806939,-5.46028470993042,-4.431298732757568,-2.294588348332301,-3.165397568401682e-05,-0.0015288593411569512,-3.1693671590633145e-05,-0.001528423029514865,-0.0007867813110351562,-0.0008821487426757812,0.001182024774442523,-5.354269582678395e-06,-0.00010883813404971576,-0.0,-0.0,0.001182036901115469,0.00010883813404971576,"[""joint_wheel_left"", ""joint_wheel_right""]","[0.0, 0.0]","[0.029263988137245178, 0.009342655539512634]"
139,5.6000000000000005,0.04,10_final_stop,5,,False,0.0,0.0,0.0,0.0,False,False,-5.46028470993042,-4.431298732757568,-2.294588348332301,-5.46028470993042,-4.431298732757568,-2.294588348332301,-5.4603142738342285,-4.431331157684326,-2.294595054640793,-3.1693671590633145e-05,-0.001528423029514865,-3.1662212463724554e-05,-0.0015286490022614029,-0.0007390975952148438,-0.0008106231689453125,0.0010968530657272748,-1.698615577416969e-05,-0.00016765771230220494,-0.0,-0.0,0.001096984583885893,0.00016765771230220494,"[""joint_wheel_left"", ""joint_wheel_right""]","[0.0, 0.0]","[0.028951488435268402, 0.007494091987609863]"
140,5.64,0.04,10_final_stop,6,,False,0.0,0.0,0.0,0.0,False,False,-5.4603142738342285,-4.431331157684326,-2.294595054640793,-5.4603142738342285,-4.431331157684326,-2.294595054640793,-5.46034049987793,-4.431362152099609,-2.294600532589063,-3.1662212463724554e-05,-0.0015286490022614029,-3.167664897061276e-05,-0.0015280284671692595,-0.0006556510925292969,-0.0007748603820800781,0.0010147950222465082,2.186388976953865e-05,-0.0001369487067526265,-0.0,-0.0,0.0010150305250839235,0.0001369487067526265,"[""joint_wheel_left"", ""joint_wheel_right""]","[0.0, 0.0]","[0.027153223752975464, 0.006873488426208496]"
141,5.68,0.04,10_final_stop,7,,False,0.0,0.0,0.0,0.0,False,False,-5.46034049987793,-4.431362152099609,-2.294600532589063,-5.46034049987793,-4.431362152099609,-2.294600532589063,-5.4603657722473145,-4.43139123916626,-2.294603933086295,-3.167664897061276e-05,-0.0015280284671692595,-3.1801098524533146e-05,-0.0015285308728785177,-0.0006318092346191406,-0.0007271766662597656,0.0009632768523210314,8.155898796370696e-06,-8.501243079495069e-05,-0.0,-0.0,0.0009633113789957486,8.501243079495069e-05,"[""joint_wheel_left"", ""joint_wheel_right""]","[0.0, 0.0]","[0.02636753022670746, 0.005589276552200317]"
142,5.72,0.04,10_final_stop,8,,False,0.0,0.0,0.0,0.0,False,False,-5.4603657722473145,-4.43139123916626,-2.294603933086295,-5.4603657722473145,-4.43139123916626,-2.294603933086295,-5.460390567779541,-4.431417465209961,-2.294607989999838,-3.1801098524533146e-05,-0.0015285308728785177,-3.155621994368911e-05,-0.0015280462664393046,-0.0006198883056640625,-0.0006556510925292969,0.0009017889100829554,-3.0275869687229097e-05,-0.00010142283858316503,-0.0,-0.0,0.0009022969946940546,0.00010142283858316503,"[""joint_wheel_left"", ""joint_wheel_right""]","[0.0, 0.0]","[0.025442659854888916, 0.0048368871212005615]"
143,5.76,0.04,10_final_stop,9,,False,0.0,0.0,0.0,0.0,False,False,-5.460390567779541,-4.431417465209961,-2.294607989999838,-5.460390567779541,-4.431417465209961,-2.294607989999838,-5.460412979125977,-4.431443214416504,-2.2946141115389946,-3.155621994368911e-05,-0.0015280462664393046,-3.14804448715836e-05,-0.0015280208000308841,-0.0005602836608886719,-0.0006437301635742188,0.0008533839286492084,6.49418796659938e-06,-0.0001530384789116823,-0.0,-0.0,0.0008534086384341927,0.0001530384789116823,"[""joint_wheel_left"", ""joint_wheel_right""]","[0.0, 0.0]","[0.02426542341709137, 0.004113420844078064]"
144,5.8,0.04,10_final_stop,10,,False,0.0,0.0,0.0,0.0,False,False,-5.460412979125977,-4.431443214416504,-2.2946141115389946,-5.460412979125977,-4.431443214416504,-2.2946141115389946,-5.4604339599609375,-4.431467056274414,-2.2946159957044463,-3.14804448715836e-05,-0.0015280208000308841,-3.173676226536086e-05,-0.0015276554808652048,-0.0005245208740234375,-0.0005960464477539062,0.0007939713886606467,1.717310293780183e-06,-4.7104136291498115e-05,-0.0,-0.0,0.0007939732458756787,4.7104136291498115e-05,"[""joint_wheel_left"", ""joint_wheel_right""]","[0.0, 0.0]","[0.023903802037239075, 0.003112003207206726]"
145,5.84,0.04,10_final_stop,11,,False,0.0,0.0,0.0,0.0,False,False,-5.4604339599609375,-4.431467056274414,-2.2946159957044463,-5.4604339599609375,-4.431467056274414,-2.2946159957044463,-5.460452556610107,-4.431489944458008,-2.294620052650541,-3.173676226536086e-05,-0.0015276554808652048,-3.2096535256001745e-05,-0.001528014383509783,-0.0004649162292480469,-0.00057220458984375,0.0007366338538746622,3.0590164795888677e-05,-0.00010142365236553985,-0.0,-0.0,0.0007372687385590661,0.00010142365236553985,"[""joint_wheel_left"", ""joint_wheel_right""]","[0.0, 0.0]","[0.02337905764579773, 0.0021743029356002808]"
146,5.88,0.04,10_final_stop,12,,False,0.0,0.0,0.0,0.0,False,False,-5.460452556610107,-4.431489944458008,-2.294620052650541,-5.460452556610107,-4.431489944458008,-2.294620052650541,-5.4604716300964355,-4.431509494781494,-2.294623155947327,-3.2096535256001745e-05,-0.001528014383509783,-3.1957978675858107e-05,-0.0015274426920026138,-0.000476837158203125,-0.0004887580871582031,0.0006820037126318913,-3.360177319866337e-05,-7.758241965527546e-05,-0.0,-0.0,0.0006828309770402759,7.758241965527546e-05,"[""joint_wheel_left"", ""joint_wheel_right""]","[0.0, 0.0]","[0.022408142685890198, 0.0020561516284942627]"
147,5.92,0.04,10_final_stop,13,,False,0.0,0.0,0.0,0.0,False,False,-5.4604716300964355,-4.431509494781494,-2.294623155947327,-5.4604716300964355,-4.431509494781494,-2.294623155947327,-5.460489273071289,-4.431528568267822,-2.2946271052059046,-3.1957978675858107e-05,-0.0015274426920026138,-3.179212882675373e-05,-0.0015275607969341195,-0.0004410743713378906,-0.000476837158203125,0.0006493875892266179,-1.469814453558039e-05,-9.8731464437396e-05,-0.0,-0.0,0.0006495539057648314,9.8731464437396e-05,"[""joint_wheel_left"", ""joint_wheel_right""]","[0.0, 0.0]","[0.021617472171783447, 0.0012050867080688477]"
148,5.96,0.04,10_final_stop,14,,False,0.0,0.0,0.0,0.0,False,False,-5.460489273071289,-4.431528568267822,-2.2946271052059046,-5.460489273071289,-4.431528568267822,-2.2946271052059046,-5.460504531860352,-4.43154764175415,-2.2946283462783885,-3.179212882675373e-05,-0.0015275607969341195,-3.212837884448684e-05,-0.001527412725160217,-0.0003814697265625,-0.000476837158203125,0.0006099138854773374,2.996464631591642e-05,-3.1026812097323386e-05,-0.0,-0.0,0.0006106495129998063,3.1026812097323386e-05,"[""joint_wheel_left"", ""joint_wheel_right""]","[0.0, 0.0]","[0.021012336015701294, 0.0007687211036682129]"
149,6.0,0.04,10_final_stop,15,,False,0.0,0.0,0.0,0.0,False,False,-5.460504531860352,-4.43154764175415,-2.2946283462783885,-5.460504531860352,-4.43154764175415,-2.2946283462783885,-5.460519313812256,-4.431563854217529,-2.294632641692203,-3.212837884448684e-05,-0.001527412725160217,-3.215145139615698e-05,-0.0015274421998397495,-0.0003695487976074219,-0.00040531158447265625,0.0005484268721306126,-8.471141945402393e-06,-0.00010738534536036681,-0.0,-0.0,0.0005484922919429465,0.00010738534536036681,"[""joint_wheel_left"", ""joint_wheel_right""]","[0.0, 0.0]","[0.02076314389705658, -0.000443875789642334]"
150,6.04,0.04,11_history_robot7_replay,1,1,True,0.999726414680481,0.9208753705024719,0.999726414680481,0.9208753705024719,False,False,8.274999618530273,13.52500057220459,-2.9034469223176154,8.236319541931152,13.514853477478027,-2.866611925481882,8.236083030700684,13.51479434967041,-2.866537066537106,0.0,0.0,-4.0992948640163795e-05,-0.0011927010900544433,-0.9729146957397461,-0.2551555633544922,1.005647669017735,0.018442681375202247,0.9227463945127301,-0.9670031634540784,-0.2536883640999206,0.006090885618455363,0.001871024010258182,"[""joint_wheel_left"", ""joint_wheel_right""]","[0.0, 0.0]","[-0.006657078862190247, 0.023892849683761597]"
151,6.08,0.04,11_history_robot7_replay,2,2,False,0.9996181726455688,0.9520081281661987,0.9996181726455688,0.9520081281661987,False,False,8.236083030700684,13.51479434967041,-2.866537066537106,8.19781494140625,13.503203392028809,-2.8284567969151446,8.198732376098633,13.503673553466797,-2.82785043028356,-4.0992948640163795e-05,-0.0011927010900544433,1.2691424241384938e-05,-0.0016756024247580761,-0.9337663650512695,-0.27801990509033203,0.9741765094419985,0.013957814259466295,0.9671659063386517,-0.9566992192683463,-0.28976386064277054,0.02576502075604343,0.015157778172453007,"[""joint_wheel_left"", ""joint_wheel_right""]","[0.0, 0.0]","[-0.12049243599176407, -0.14257141947746277]"
152,6.12,0.04,11_history_robot7_replay,3,3,False,0.9997605085372925,0.9382973909378052,0.9997605085372925,0.9382973909378052,False,False,8.198732376098633,13.503673553466797,-2.82785043028356,8.160932540893555,13.490619659423828,-2.7903186174005326,8.16183090209961,13.490802764892578,-2.7895728178605466,1.2691424241384938e-05,-0.0016756024247580761,-0.00015308316014374382,-0.0016686017981433448,-0.9225368499755859,-0.32176971435546875,0.9768081742211794,0.02134899093547099,0.9569403105753382,-0.9450002395713513,-0.3263366691636636,0.022922934985538653,0.018642919637533062,"[""joint_wheel_left"", ""joint_wheel_right""]","[0.0, 0.0]","[0.004100970923900604, -0.14081235229969025]"
153,6.16,0.04,11_history_robot7_replay,4,4,False,0.9991130828857422,0.9546538591384888,0.9991130828857422,0.9546538591384888,False,False,8.16183090209961,13.490802764892578,-2.7895728178605466,8.124587059020996,13.476309776306152,-2.751386640207516,8.124954223632812,13.476495742797852,-2.7509181444342627,-0.00015308316014374382,-0.0016686017981433448,-6.523977727091152e-05,-0.0016655952429479044,-0.9219169616699219,-0.35767555236816406,0.988707911990304,0.017870359379288436,0.9663668356570954,-0.9310977821967902,-0.3623311639669856,0.010293793513843581,0.011712976518606588,"[""joint_wheel_left"", ""joint_wheel_right""]","[0.0, 0.0]","[-0.008737251162528992, -0.07169187068939209]"
154,6.2,0.04,11_history_robot7_replay,5,5,False,0.9997689723968506,0.9341537356376648,0.9997689723968506,0.9341537356376648,False,False,8.124954223632812,13.476495742797852,-2.7509181444342627,8.08826732635498,13.460578918457031,-2.7135520862029487,8.089019775390625,13.460740089416504,-2.7122781477930333,-6.523977727091152e-05,-0.0016655952429479044,7.553444142322219e-05,-0.0016728944956776618,-0.8983612060546875,-0.3938913345336914,0.9806704742744214,0.022105674636763772,0.9659999160307353,-0.9171647672726461,-0.3979281189375382,0.019231992689283557,0.03184618039307052,"[""joint_wheel_left"", ""joint_wheel_right""]","[0.0, 0.0]","[-0.04537832736968994, -0.04496433585882187]"
155,6.24,0.04,11_history_robot7_replay,6,6,False,0.9997475743293762,0.9242562055587769,0.9997475743293762,0.9242562055587769,False,False,8.089019775390625,13.460740089416504,-2.7122781477930333,8.052972793579102,13.443425178527832,-2.675307894187917,8.053818702697754,13.444561958312988,-2.676925349554817,7.553444142322219e-05,-0.0016728944956776618,-5.335773016423404e-05,-0.001656675015178259,-0.8800268173217773,-0.4044532775878906,0.9685182381421795,0.0014406050994424935,0.8838199559554116,-0.9011744699122917,-0.43287386980016684,0.03542531964267341,0.040436249603365226,"[""joint_wheel_left"", ""joint_wheel_right""]","[0.0, 0.0]","[-0.141971617937088, -0.0911949872970581]"
156,6.28,0.04,11_history_robot7_replay,7,7,False,0.9997354745864868,0.9387379884719849,0.9997354745864868,0.9387379884719849,False,False,8.053818702697754,13.444561958312988,-2.676925349554817,8.018411636352539,13.425973892211914,-2.639375691157044,8.019147872924805,13.427287101745605,-2.640512120774997,-5.335773016423404e-05,-0.001656675015178259,1.0536415614302638e-05,-0.001718679684770858,-0.8667707443237305,-0.4318714141845703,0.9684002057614979,-0.002341599108074355,0.9103307194955003,-0.8851659872131582,-0.46470656787657205,0.03763684735652572,0.0284072689764846,"[""joint_wheel_left"", ""joint_wheel_right""]","[0.0, 0.0]","[-0.11021500825881958, -0.20085787773132324]"
157,6.32,0.04,11_history_robot7_replay,8,8,False,0.9997684955596924,0.9314261078834534,0.9997684955596924,0.9314261078834534,False,False,8.019147872924805,13.427287101745605,-2.640512120774997,7.984437465667725,13.407426834106445,-2.6032549846345665,7.984809875488281,13.407899856567383,-2.6041320782540205,1.0536415614302638e-05,-0.001718679684770858,-1.82677318202079e-05,-0.0016131411202255778,-0.8584499359130859,-0.4846811294555664,0.9857435251262173,0.012719763804540707,0.9095010630244094,-0.8677627702986098,-0.4965126576406413,0.015057023061894315,0.021925044859044007,"[""joint_wheel_left"", ""joint_wheel_right""]","[0.0, 0.0]","[-0.047471560537815094, -0.027719832956790924]"
158,6.36,0.04,11_history_robot7_replay,9,9,False,0.9997309446334839,0.9324153065681458,0.9997309446334839,0.9324153065681458,False,False,7.984809875488281,13.407899856567383,-2.6041320782540205,7.950846195220947,13.38679027557373,-2.5668354658479067,7.95208740234375,13.387638092041016,-2.565675249642504,-1.82677318202079e-05,-0.0016131411202255778,-2.8988043711477094e-06,-0.0015911977118995523,-0.8180618286132812,-0.5065441131591797,0.9620529626167444,0.016315364864765813,0.9614207152879084,-0.8490870872832201,-0.527743384484027,0.037576266182806295,0.02900540871976265,"[""joint_wheel_left"", ""joint_wheel_right""]","[0.0, 0.0]","[-0.18072445690631866, -0.1161079853773117]"
159,6.4,0.04,11_history_robot7_replay,10,10,False,0.9997490048408508,0.937146008014679,0.9997490048408508,0.937146008014679,False,False,7.95208740234375,13.387638092041016,-2.565675249642504,7.918962001800537,13.365234375,-2.528189379430461,7.920438766479492,13.366177558898926,-2.5275218964790813,-2.8988043711477094e-06,-0.0015911977118995523,-3.224163039924603e-05,-0.0016398974639559704,-0.7912158966064453,-0.5365133285522461,0.9557748010880482,0.01907030052341646,0.9538338290855708,-0.8281309333319832,-0.5600868057176227,0.04379987171344617,0.01668782107089184,"[""joint_wheel_left"", ""joint_wheel_right""]","[0.0, 0.0]","[-0.14783668518066406, -0.14941102266311646]"
160,6.44,0.04,11_history_robot7_replay,11,11,False,0.9994874000549316,0.971957802772522,0.9994874000549316,0.971957802772522,False,False,7.920438766479492,13.366177558898926,-2.5275218964790813,7.888216972351074,13.342510223388672,-2.488643691710761,7.889828681945801,13.343111038208008,-2.486238782259086,-3.224163039924603e-05,-0.0016398974639559704,1.5608357708981315e-05,-0.0016397214273439987,-0.7652521133422852,-0.5766630172729492,0.9577204370778754,0.030374279720494002,1.0320778554998802,-0.8055415560478162,-0.5916737820358698,0.042994909609045666,0.06012005272735821,"[""joint_wheel_left"", ""joint_wheel_right""]","[0.0, 0.0]","[-0.17230945825576782, -0.12216245383024216]"
161,6.48,0.04,11_history_robot7_replay,12,12,False,0.9995276927947998,0.9630410075187683,0.9995276927947998,0.9630410075187683,False,False,7.889828681945801,13.343111038208008,-2.486238782259086,7.85860538482666,13.31813907623291,-2.4477171915895113,7.859396457672119,13.318696022033691,-2.447847600106346,1.5608357708981315e-05,-0.0016397214273439987,1.8150691937586795e-06,-0.001090886308327468,-0.760805606842041,-0.6103754043579102,0.9751783601849179,0.020260095617320506,0.9597795538185072,-0.7805788242210584,-0.6243014559020073,0.024185016789878895,0.0032614537002610966,"[""joint_wheel_left"", ""joint_wheel_right""]","[0.0, 0.0]","[0.028822094202041626, 0.017982035875320435]"
162,6.5200000000000005,0.04,11_history_robot7_replay,13,13,False,0.9997940063476562,0.923869252204895,0.9997940063476562,0.923869252204895,False,False,7.859396457672119,13.318696022033691,-2.447847600106346,7.829126358032227,13.292560577392578,-2.410892831083628,7.830423355102539,13.293976783752441,-2.4117819001517335,1.8150691937586795e-06,-0.001090886308327468,6.2705811125432e-07,-0.0016031101152777871,-0.724327564239502,-0.61798095703125,0.952054178554738,0.011988522296462911,0.9016424988653071,-0.7567554249023286,-0.653382952034711,0.048009034539269545,0.0222267533395879,"[""joint_wheel_left"", ""joint_wheel_right""]","[0.0, 0.0]","[-0.18725880980491638, -0.11287088692188263]"
163,6.5600000000000005,0.04,11_history_robot7_replay,14,14,False,0.9997876882553101,0.9182355403900146,0.9997876882553101,0.9182355403900146,False,False,7.830423355102539,13.293976783752441,-2.4117819001517335,7.801112174987793,13.266770362854004,-2.3750524048512593,7.806034088134766,13.269759178161621,-2.375584122455315,6.2705811125432e-07,-0.0016031101152777871,-0.0014233659363743168,-0.0022041199196765893,-0.6097316741943359,-0.6054401397705078,0.8580976352095473,0.044709348115831826,0.9049444424104602,-0.7327757146741715,-0.6801581974589841,0.1439535482103233,0.013291097979554412,"[""joint_wheel_left"", ""joint_wheel_right""]","[0.0, 0.0]","[-0.9854764342308044, 8.465123176574707]"
164,6.6000000000000005,0.04,11_history_robot7_replay,15,15,False,0.9997949600219727,0.9326350688934326,0.9997949600219727,0.9326350688934326,False,False,7.806034088134766,13.269759178161621,-2.375584122455315,7.777734756469727,13.241501808166504,-2.3382786962338895,7.778271675109863,13.240992546081543,-2.3352089019538256,-0.0014233659363743168,-0.0022041199196765893,-0.0003592426509241985,-0.0017275359078167385,-0.6940603256225586,-0.7191658020019531,0.9987697483278255,0.03712379557072304,1.0093805125372388,-0.7074825859987471,-0.7064406221288971,0.018495601542199983,0.0767454436438062,"[""joint_wheel_left"", ""joint_wheel_right""]","[0.0, 0.0]","[-0.027638453990221024, 0.09156079590320587]"
165,6.640000000000001,0.04,11_history_robot7_replay,16,16,False,0.9997640252113342,0.9112415313720703,0.9997640252113342,0.9112415313720703,False,False,7.778271675109863,13.240992546081543,-2.3352089019538256,7.751124382019043,13.211627960205078,-2.298759196043686,7.751879692077637,13.212118148803711,-2.297609726126732,-0.0003592426509241985,-0.0017275359078167385,-0.00025413695738538437,-0.0016936205806431567,-0.6597995758056641,-0.7218599319458008,0.9776865356711943,0.02337262393033057,0.9399793956773372,-0.6786842384961271,-0.7341088546828062,0.02250925572180688,0.028737864305266925,"[""joint_wheel_left"", ""joint_wheel_right""]","[0.0, 0.0]","[-0.03639925271272659, -0.1302991509437561]"
166,6.68,0.04,11_history_robot7_replay,17,17,False,0.9996081590652466,0.9364296793937683,0.9996081590652466,0.9364296793937683,False,False,7.751879692077637,13.212118148803711,-2.297609726126732,7.725874900817871,13.181745529174805,-2.2601524157836557,7.726598262786865,13.18218994140625,-2.258643613727708,-0.00025413695738538437,-0.0016936205806431567,7.952424658448025e-06,-0.0016408167464039218,-0.6320357322692871,-0.7482051849365234,0.9791129749305147,0.024858558964436672,0.9741528099756036,-0.6501253205756112,-0.7593112268472462,0.021226807862112198,0.037723130581835296,"[""joint_wheel_left"", ""joint_wheel_right""]","[0.0, 0.0]","[-0.051304154098033905, -0.07034720480442047]"
167,6.72,0.04,11_history_robot7_replay,18,18,False,0.9994272589683533,0.936364471912384,0.9994272589683533,0.936364471912384,False,False,7.726598262786865,13.18218994140625,-2.258643613727708,7.70180082321167,13.150833129882812,-2.2211892035359466,7.702075958251953,13.151266098022461,-2.2220145253256387,7.952424658448025e-06,-0.0016408167464039218,-0.0006016075584290685,-0.001876761380009102,-0.6130576133728027,-0.7730960845947266,0.9865204719887257,0.017162507893519696,0.9157272100517311,-0.6199407126882117,-0.7839185918962682,0.012825900376882169,0.020637261860652956,"[""joint_wheel_left"", ""joint_wheel_right""]","[0.0, 0.0]","[-0.013797953724861145, -0.011134248226881027]"
168,6.76,0.04,11_history_robot7_replay,19,19,False,0.998834490776062,0.9640713334083557,0.998834490776062,0.9640713334083557,False,False,7.702075958251953,13.151266098022461,-2.2220145253256387,7.678475379943848,13.119028091430664,-2.1834516371912955,7.6791229248046875,13.119362831115723,-2.182580132313085,-0.0006016075584290685,-0.001876761380009102,-7.186419898129004e-05,-0.0015395819354554,-0.5738258361816406,-0.797581672668457,0.982181196753907,0.02706864587000396,0.9858598253138395,-0.5900201405987059,-0.8059445226886021,0.01822615582101775,0.02178849190548382,"[""joint_wheel_left"", ""joint_wheel_right""]","[0.0, 0.0]","[0.050585418939590454, 0.07953912019729614]"
169,6.8,0.04,11_history_robot7_replay,20,20,False,0.9986258745193481,0.9046617150306702,0.9986258745193481,0.9046617150306702,False,False,7.6791229248046875,13.119362831115723,-2.182580132313085,7.6567769050598145,13.08625316619873,-2.146393871178152,7.656731605529785,13.086316108703613,-2.1508707566130325,-7.186419898129004e-05,-0.0015395819354554,-0.00010600968070808083,-0.0012833048551622397,-0.5597829818725586,-0.8261680603027344,0.9978210870757734,0.016239730460742563,0.7927343925013153,-0.5586551542048909,-0.827742747440195,0.0019369137381001012,0.11192732252935489,"[""joint_wheel_left"", ""joint_wheel_right""]","[0.0, 0.0]","[0.42005640268325806, -0.03452923893928528]"
170,6.84,0.04,11_history_robot7_replay,21,21,False,0.20191997289657593,0.9881877899169922,0.20191997289657593,0.9881877899169922,False,False,7.656731605529785,13.086316108703613,-2.1508707566130325,7.652439117431641,13.079474449157715,-2.1113432483706864,7.652567386627197,13.07939338684082,-2.111575523737195,-0.00010600968070808083,-0.0012833048551622397,-0.00202834669801138,-0.002469795904103083,-0.10410547256469727,-0.17306804656982422,0.201816669252469,0.0077801139614604164,0.982380821895934,-0.10731024691600824,-0.17104439880153718,0.003790214892709089,0.005806968021058179,"[""joint_wheel_left"", ""joint_wheel_right""]","[0.0, 0.0]","[-0.07954007387161255, -0.2595568001270294]"
171,6.88,0.04,11_history_robot7_replay,22,22,False,0.9989802837371826,0.6644341945648193,0.9989802837371826,0.6644341945648193,False,False,7.652567386627197,13.07939338684082,-2.111575523737195,7.632453441619873,13.044865608215332,-2.084998217468929,7.6332879066467285,13.045208930969238,-2.084517337169824,-0.00202834669801138,-0.002469795904103083,-4.5125024536041194e-05,-0.0016182740001102855,-0.48198699951171875,-0.8546113967895508,0.9807939352996979,0.02674628385829647,0.6764546641842784,-0.5028532575351722,-0.8631918724605138,0.022561588743732618,0.012020469619459018,"[""joint_wheel_left"", ""joint_wheel_right""]","[0.0, 0.0]","[-0.02563515678048134, 0.016270272433757782]"
172,6.92,0.04,11_history_robot7_replay,23,23,False,0.9994165301322937,0.8839471936225891,0.9994165301322937,0.8839471936225891,False,False,7.6332879066467285,13.045208930969238,-2.084517337169824,7.614261150360107,13.010050773620605,-2.0491595085964827,7.615532398223877,13.010973930358887,-2.0494863956473393,-4.5125024536041194e-05,-0.0016182740001102855,1.5924315311420093e-05,-0.0014623930461230917,-0.44388771057128906,-0.8558750152587891,0.9635362419459425,0.034003702697545546,0.875773538062119,-0.47567067756392045,-0.8789600714523695,0.0392820163728323,0.008173655560470117,"[""joint_wheel_left"", ""joint_wheel_right""]","[0.0, 0.0]","[-0.14434894919395447, -0.12431482970714569]"
173,6.96,0.04,11_history_robot7_replay,24,24,False,0.9995532631874084,0.9224867224693298,0.9995532631874084,0.9224867224693298,False,False,7.615532398223877,13.010973930358887,-2.0494863956473393,7.597773551940918,12.975152015686035,-2.012586968242592,7.599477291107178,12.975844383239746,-2.0172983552989474,1.5924315311420093e-05,-0.0014623930461230917,8.284847873441854e-05,-0.001595319776574669,-0.40137767791748047,-0.8782386779785156,0.9644051581550394,0.04826910763452097,0.8047010087097961,-0.4439650222218789,-0.8955455236849342,0.04596965089281358,0.11778571375953373,"[""joint_wheel_left"", ""joint_wheel_right""]","[0.0, 0.0]","[0.17353542149066925, -0.23950253427028656]"
174,7.0,0.04,11_history_robot7_replay,25,25,False,0.9995163679122925,0.9119015336036682,0.9995163679122925,0.9119015336036682,False,False,7.599477291107178,12.975844383239746,-2.0172983552989474,7.582873821258545,12.939474105834961,-1.9808224179853433,7.583432197570801,12.939752578735352,-1.9802765868078744,8.284847873441854e-05,-0.001595319776574669,1.6817809863167415e-05,-0.0015763306362361828,-0.40112733840942383,-0.9022951126098633,0.9870489415638697,0.027820834220395496,0.9255442122768243,-0.4150913599095295,-0.9092481139122801,0.015599298816511708,0.01364267867315605,"[""joint_wheel_left"", ""joint_wheel_right""]","[0.0, 0.0]","[-0.06665528565645218, -0.03156425803899765]"
175,7.04,0.04,11_history_robot7_replay,26,26,False,0.9990898370742798,0.8424018621444702,0.9990898370742798,0.8424018621444702,False,False,7.583432197570801,12.939752578735352,-1.9802765868078744,7.568141460418701,12.902830123901367,-1.9465805335704023,7.56874942779541,12.90303897857666,-1.9454391201079952,1.6817809863167415e-05,-0.0015763306362361828,-7.374833937374529e-05,-0.001624212778664749,-0.3670692443847656,-0.9178400039672852,0.9881024540528713,0.028699187280519622,0.8709366674969798,-0.3822734138628322,-0.9230642120669432,0.016076663826375924,0.02853480535250963,"[""joint_wheel_left"", ""joint_wheel_right""]","[0.0, 0.0]","[-0.02624143660068512, -0.0065438412129879]"
176,7.08,0.04,11_history_robot7_replay,27,27,False,0.9996492862701416,0.9270857572555542,0.9996492862701416,0.9270857572555542,False,False,7.56874942779541,12.90303897857666,-1.9454391201079952,7.5548095703125,12.865561485290527,-1.9083557066434529,7.555455207824707,12.86579704284668,-1.9076106282896992,-7.374833937374529e-05,-0.001624212778664749,-5.3177215713528944e-05,-0.0014180885584049807,-0.3323554992675781,-0.9310483932495117,0.9880915967365976,0.031405173529523045,0.9457122954574015,-0.3485003096766291,-0.9369344852740223,0.017184323741864505,0.018626538201847342,"[""joint_wheel_left"", ""joint_wheel_right""]","[0.0, 0.0]","[0.002188868820667267, 0.020820915699005127]"
177,7.12,0.04,11_history_robot7_replay,28,28,False,0.9997239112854004,0.9241990447044373,0.9997239112854004,0.9241990447044373,False,False,7.555455207824707,12.86579704284668,-1.9076106282896992,7.542939186096191,12.8278169631958,-1.8706423251518252,7.544185638427734,12.828455924987793,-1.8695187132891848,-5.3177215713528944e-05,-0.0014180885584049807,-0.0002693875978970557,-0.0017072574187697812,-0.2817392349243164,-0.933527946472168,0.9741848958976685,0.04260530419009584,0.9522978750128586,-0.3128947934727314,-0.9494971021616843,0.0350097523827251,0.028098830308421308,"[""joint_wheel_left"", ""joint_wheel_right""]","[0.0, 0.0]","[-0.11582645773887634, -0.07869412750005722]"
178,7.16,0.04,11_history_robot7_replay,29,29,False,0.9997432231903076,0.9162804484367371,0.9997432231903076,0.9162804484367371,False,False,7.544185638427734,12.828455924987793,-1.8695187132891848,7.533119201660156,12.790027618408203,-1.8328672732398679,7.535577774047852,12.792454719543457,-1.8345734763013022,-0.0002693875978970557,-0.0017072574187697812,-0.00016725405389825007,-0.001645921047364399,-0.2151966094970703,-0.9000301361083984,0.9235029807052949,0.05921208720162169,0.8736309246970664,-0.27666589236751576,-0.9606989623786586,0.08636653991921783,0.04264952373967068,"[""joint_wheel_left"", ""joint_wheel_right""]","[0.0, 0.0]","[-0.3481552302837372, -0.6528633832931519]"
179,7.2,0.04,11_history_robot7_replay,30,30,False,0.999756932258606,0.9123274683952332,0.999756932258606,0.9123274683952332,False,False,7.535577774047852,12.792454719543457,-1.8345734763013022,7.525857448577881,12.753664016723633,-1.7980803130923875,7.525974750518799,12.753901481628418,-1.7977514375884904,-0.00016725405389825007,-0.001645921047364399,-0.00028483771768114387,-0.0016938027456727945,-0.24007558822631836,-0.9638309478759766,0.9930886622979329,0.019526724277724505,0.9205509678202939,-0.2430119628891273,-0.9697727102223037,0.006627732337731921,0.008223499425060732,"[""joint_wheel_left"", ""joint_wheel_right""]","[0.0, 0.0]","[-0.061789996922016144, 0.039744649082422256]"
180,7.24,0.04,11_history_robot7_replay,31,31,False,0.0001398921012878418,0.22164976596832275,0.0001398921012878418,0.22164976596832275,False,False,7.525974750518799,12.753901481628418,-1.7977514375884904,7.525973320007324,12.75389575958252,-1.7888855473012253,7.525956153869629,12.753974914550781,-1.7892824526036004,-0.00028483771768114387,-0.0016938027456727945,5.176003409726963e-05,-0.001557542945565811,-0.0004649162292480469,0.0018358230590820312,-0.0016841336768541875,-0.0008660757258814757,0.21172462462225042,-3.087282314805738e-05,-0.00013644291404685168,0.0020194619944779602,0.009925141346072336,"[""joint_wheel_left"", ""joint_wheel_right""]","[0.0, 0.0]","[-0.1298941969871521, -0.006463591009378433]"
181,7.28,0.04,11_history_robot7_replay,32,32,False,0.0003173649311065674,0.5538715124130249,0.0003173649311065674,0.5538715124130249,False,False,7.525956153869629,12.753974914550781,-1.7892824526036004,7.525953769683838,12.753962516784668,-1.7671276149321455,7.525930881500244,12.754046440124512,-1.767965340337961,5.176003409726963e-05,-0.001557542945565811,-7.81849686679602e-05,-0.0012645298605378427,-0.0006318092346191406,0.0017881393432617188,-0.001608683468379096,-0.0010043718028868976,0.532927806640987,-6.535331851560668e-05,-0.00031056310671951026,0.002173804103052045,0.020943705772037857,"[""joint_wheel_left"", ""joint_wheel_right""]","[0.0, 0.0]","[-0.012064293026924133, -0.015590846538543701]"
182,7.32,0.04,11_history_robot7_replay,33,33,False,0.00036597251892089844,0.6196383237838745,0.00036597251892089844,0.6196383237838745,False,False,7.525930881500244,12.754046440124512,-1.767965340337961,7.525928020477295,12.754032135009766,-1.7431799041025144,7.525925159454346,12.753905296325684,-1.7426754238764344,-7.81849686679602e-05,-0.0012645298605378427,-7.011729021539453e-06,-0.0016181116126276944,-0.0001430511474609375,-0.003528594970703125,0.003488251584201838,0.0005509509809181269,0.6322479115381641,-6.723888441963296e-05,-0.00035974270948458515,0.003169759005454089,0.012609587754289553,"[""joint_wheel_left"", ""joint_wheel_right""]","[0.0, 0.0]","[-0.05716812238097191, 0.016830403357744217]"
183,7.36,0.04,11_history_robot7_replay,34,34,False,0.0005659162998199463,0.727199912071228,0.0005659162998199463,0.727199912071228,False,False,7.525925159454346,12.753905296325684,-1.7426754238764344,7.525921821594238,12.753883361816406,-1.713587309441303,7.525904178619385,12.753925323486328,-1.713771605454795,-7.011729021539453e-06,-0.0016181116126276944,-1.5451285376089694e-05,-0.0015277218347232934,-0.0005245208740234375,0.0005006790161132812,-0.00040359063540292375,-0.0006024252845602833,0.7225954605409868,-8.867160326690971e-05,-0.0005589262967296986,0.0011457434293174306,0.004604451530241249,"[""joint_wheel_left"", ""joint_wheel_right""]","[0.0, 0.0]","[-0.08770500123500824, 0.03419899940490723]"
184,7.4,0.04,11_history_robot7_replay,35,35,False,0.0007165074348449707,0.7449230551719666,0.0007165074348449707,0.7449230551719666,False,False,7.525904178619385,12.753925323486328,-1.713771605454795,7.525900363922119,12.753896713256836,-1.683974706279364,7.525843620300293,12.753887176513672,-1.6845118219440334,-1.5451285376089694e-05,-0.0015277218347232934,-5.598806287854094e-06,-0.0015484153299685928,-0.0015139579772949219,-0.00095367431640625,0.001159665283173104,-0.0013626224311198256,0.7314945877690382,-9.151730904369096e-05,-0.0007106387875239582,0.001443053610575194,0.013428467402928357,"[""joint_wheel_left"", ""joint_wheel_right""]","[0.0, 0.0]","[-0.04604637622833252, 0.007004432380199432]"
185,7.44,0.04,11_history_robot7_replay,36,36,False,0.0015437006950378418,0.8236955404281616,0.0015437006950378418,0.8236955404281616,False,False,7.525843620300293,12.753887176513672,-1.6845118219440334,7.525837421417236,12.753826141357422,-1.6515640247467052,7.525750637054443,12.753765106201172,-1.6521475680972115,-5.598806287854094e-06,-0.0015484153299685928,4.2610452496912505e-07,-0.00159965898882387,-0.0023245811462402344,-0.0030517578125,0.0032958191557496534,-0.00196328279781696,0.8091063461705461,-0.00014987543866124705,-0.0015364078848881292,0.0026505905601752087,0.014589194257615512,"[""joint_wheel_left"", ""joint_wheel_right""]","[0.0, 0.0]","[-0.027057752013206482, -0.004968367516994476]"
186,7.48,0.04,11_history_robot7_replay,37,37,False,0.0015210211277008057,0.8174372911453247,0.0015210211277008057,0.8174372911453247,False,False,7.525750637054443,12.753765106201172,-1.6521475680972115,7.525746822357178,12.753704071044922,-1.6194501989444479,7.525696754455566,12.753741264343262,-1.619909682929033,4.2610452496912505e-07,-0.00159965898882387,-2.6029265860946106e-05,-0.0014181062011344183,-0.0013470649719238281,-0.0005960464477539062,0.0007035397846898491,-0.0012941743228107852,0.8059471292044651,-9.880055726247997e-05,-0.0015178088551582685,0.0015517119528487635,0.011490161940859611,"[""joint_wheel_left"", ""joint_wheel_right""]","[0.0, 0.0]","[-0.0143008753657341, 0.015449538826942444]"
187,7.5200000000000005,0.04,11_history_robot7_replay,38,38,False,0.0030270814895629883,0.8492881059646606,0.0030270814895629883,0.8492881059646606,False,False,7.525696754455566,12.753741264343262,-1.619909682929033,7.525692939758301,12.753620147705078,-1.5859382641132782,7.5257673263549805,12.753602981567383,-1.5863317165064872,-2.6029265860946106e-05,-0.0014181062011344183,-6.3682605859263586e-06,-0.001588925418702999,0.0017642974853515625,-0.0034570693969726562,0.0033662850592230684,0.0019318900932388148,0.8394491605636435,-9.723611556576308e-05,-0.0030255193739727668,0.0019109010360809976,0.009838945401017152,"[""joint_wheel_left"", ""joint_wheel_right""]","[0.0, 0.0]","[-0.042335934937000275, 0.011066965758800507]"
188,7.5600000000000005,0.04,11_history_robot7_replay,39,39,False,0.0049113929271698,0.8609153032302856,0.0049113929271698,0.8609153032302856,False,False,7.5257673263549805,12.753602981567383,-1.5863317165064872,7.525767803192139,12.753406524658203,-1.5518950801459397,7.525819778442383,12.753408432006836,-1.5521890590150706,-6.3682605859263586e-06,-0.001588925418702999,-1.5110156903107027e-06,-0.0015942997425838804,0.0013113021850585938,-0.004863739013671875,0.004842781326780673,0.0013867009896288852,0.8535664372854135,8.265459571632504e-06,-0.004911385972129619,0.0013039075659792977,0.007348865944872163,"[""joint_wheel_left"", ""joint_wheel_right""]","[0.0, 0.0]","[8.553266525268555e-05, 0.010091625154018402]"
189,7.6000000000000005,0.04,11_history_robot7_replay,40,40,False,0.007986664772033691,0.874698281288147,0.007986664772033691,0.874698281288147,False,False,7.525819778442383,12.753408432006836,-1.5521890590150706,7.52583122253418,12.75308895111084,-1.5172011714444678,7.525860786437988,12.753121376037598,-1.5175572696638902,-1.5110156903107027e-06,-0.0015942997425838804,4.456304388017194e-06,-0.0015668489177802902,0.0010251998901367188,-0.007176399230957031,0.0071942319910732145,0.0008914969407887743,0.8657947337795124,0.00028826582344939396,-0.007981460830942855,0.001091419258770915,0.008903547508634535,"[""joint_wheel_left"", ""joint_wheel_right""]","[0.0, 0.0]","[-0.03676737844944, 0.011276334524154663]"
190,7.640000000000001,0.04,11_history_robot7_replay,41,41,False,0.005791366100311279,0.8687077164649963,0.005791366100311279,0.8687077164649963,False,False,7.525860786437988,12.753121376037598,-1.5175572696638902,7.525876998901367,12.752890586853027,-1.4828089650586846,7.525905609130859,12.753023147583008,-1.4831803994846495,4.456304388017194e-06,-0.0015668489177802902,-4.581890360150755e-05,-0.0010123586265611878,0.0011205673217773438,-0.0024557113647460938,0.0025118617252551383,0.0009883016254042343,0.8594217544810157,0.00040860719350214997,-0.005776933569745542,0.003396675456859991,0.009285961983980684,"[""joint_wheel_left"", ""joint_wheel_right""]","[0.0, 0.0]","[0.03128598630428314, 0.0008843839168548584]"
191,7.68,0.04,11_history_robot7_replay,42,42,False,0.016003280878067017,0.8902425169944763,0.016003280878067017,0.8902425169944763,False,False,7.525905609130859,12.753023147583008,-1.4831803994846495,7.525972843170166,12.752387046813965,-1.4475707287903359,7.526040077209473,12.752511978149414,-1.4479378114490127,-4.581890360150755e-05,-0.0010123586265611878,-1.045708096689027e-05,-0.0010214909346066535,0.0033617019653320312,-0.01277923583984375,0.013024378923347672,0.0022305744585467526,0.8810647008909211,0.0016839551489386002,-0.015914436650999262,0.003555885052443129,0.00917781610355517,"[""joint_wheel_left"", ""joint_wheel_right""]","[0.0, 0.0]","[-0.025374218821525574, 0.025639384984970093]"
