control_step,sim_time_s,dt_s,segment,segment_step,history_step,reset_marker,raw_command_v_mps,raw_command_omega_radps,effective_command_v_mps,effective_command_omega_radps,wall_blocked,collision_flag,pre_x,pre_y,pre_yaw,write_x,write_y,write_yaw,post_x,post_y,post_yaw,roll_before,pitch_before,roll_after,pitch_after,actual_world_vx_mps,actual_world_vy_mps,actual_forward_v_mps,actual_lateral_v_mps,actual_omega_radps,expected_world_vx_mps,expected_world_vy_mps,linear_vector_error_mps,angular_error_radps,wheel_joint_names,wheel_target_radps,wheel_actual_radps
0,0.04,0.04,01_stop,1,,False,0.0,0.0,0.0,0.0,False,False,-4.27500057220459,-3.0249998569488525,-2.334197205485953,-4.27500057220459,-3.0249998569488525,-2.334197205485953,-4.275212287902832,-3.025228977203369,-2.334061882371391,0.0,0.0,-2.6975868547608145e-05,-0.0015315944668105265,-0.0052928924560546875,-0.005728006362915039,0.007797834339381665,0.00013618759310559357,0.0033830778640608905,-0.0,-0.0,0.007799023493037818,0.0033830778640608905,"[""joint_wheel_left"", ""joint_wheel_right""]","[0.0, 0.0]","[0.007817849516868591, -0.024097993969917297]"
1,0.08,0.04,01_stop,2,,False,0.0,0.0,0.0,0.0,False,False,-4.275212287902832,-3.025228977203369,-2.334061882371391,-4.275212287902832,-3.025228977203369,-2.334061882371391,-4.275214195251465,-3.0252301692962646,-2.3341953980570764,-2.6975868547608145e-05,-0.0015315944668105265,-2.8320795526647707e-05,-0.0015281734511808347,-4.76837158203125e-05,-2.9802322387695312e-05,5.449766083216505e-05,-1.3853524387488904e-05,-0.0033378921421411967,-0.0,-0.0,5.623090941939714e-05,0.0033378921421411967,"[""joint_wheel_left"", ""joint_wheel_right""]","[0.0, 0.0]","[0.016574382781982422, -0.026669561862945557]"
2,0.12,0.04,01_stop,3,,False,0.0,0.0,0.0,0.0,False,False,-4.275214195251465,-3.0252301692962646,-2.3341953980570764,-4.275214195251465,-3.0252301692962646,-2.3341953980570764,-4.275216102600098,-3.025233030319214,-2.3341549507507144,-2.8320795526647707e-05,-0.0015281734511808347,-2.825610033771692e-05,-0.0015285193654788328,-4.76837158203125e-05,-7.152557373046875e-05,8.464414750051343e-05,1.5000424854528937e-05,0.0010111826590497586,-0.0,-0.0,8.596304119739507e-05,0.0010111826590497586,"[""joint_wheel_left"", ""joint_wheel_right""]","[0.0, 0.0]","[0.010150089859962463, -0.01786307990550995]"
3,0.16,0.04,01_stop,4,,False,0.0,0.0,0.0,0.0,False,False,-4.275216102600098,-3.025233030319214,-2.3341549507507144,-4.275216102600098,-3.025233030319214,-2.3341549507507144,-4.275218963623047,-3.025235891342163,-2.33416273680129,-2.825610033771692e-05,-0.0015285193654788328,-2.8705316086645143e-05,-0.0015283749787993286,-7.152557373046875e-05,-7.152557373046875e-05,0.00010112787046263858,-2.229172635135003e-06,-0.00019465126438467095,-0.0,-0.0,0.00010115243642614568,0.00019465126438467095,"[""joint_wheel_left"", ""joint_wheel_right""]","[0.0, 0.0]","[0.012576177716255188, -0.021187618374824524]"
4,0.2,0.04,01_stop,5,,False,0.0,0.0,0.0,0.0,False,False,-4.275218963623047,-3.025235891342163,-2.33416273680129,-4.275218963623047,-3.025235891342163,-2.33416273680129,-4.275222301483154,-3.0252389907836914,-2.334162093576727,-2.8705316086645143e-05,-0.0015283749787993286,-2.842293530614802e-05,-0.0015282590412771726,-8.344650268554688e-05,-7.748603820800781e-05,0.00011367602440767908,-6.720595396731961e-06,1.6080614073654687e-05,-0.0,-0.0,0.00011387451395119905,1.6080614073654687e-05,"[""joint_wheel_left"", ""joint_wheel_right""]","[0.0, 0.0]","[0.01191394031047821, -0.02050614356994629]"
5,0.24,0.04,01_stop,6,,False,0.0,0.0,0.0,0.0,False,False,-4.275222301483154,-3.0252389907836914,-2.334162093576727,-4.275222301483154,-3.0252389907836914,-2.334162093576727,-4.275224208831787,-3.0252418518066406,-2.3341635698496095,-2.842293530614802e-05,-0.0015282590412771726,-2.8287227525446822e-05,-0.0015281545989153597,-4.76837158203125e-05,-7.152557373046875e-05,8.464464703492497e-05,1.4997605816863166e-05,-3.69068220651414e-05,-0.0,-0.0,8.596304119739507e-05,3.69068220651414e-05,"[""joint_wheel_left"", ""joint_wheel_right""]","[0.0, 0.0]","[0.011897802352905273, -0.02036745846271515]"
6,0.28,0.04,01_stop,7,,False,0.0,0.0,0.0,0.0,False,False,-4.275224208831787,-3.0252418518066406,-2.3341635698496095,-4.275224208831787,-3.0252418518066406,-2.3341635698496095,-4.275226593017578,-3.0252444744110107,-2.334163166649847,-2.8287227525446822e-05,-0.0015281545989153597,-2.8099024262807153e-05,-0.0015287333908294153,-5.9604644775390625e-05,-6.556510925292969e-05,8.857974933846292e-05,2.2638986912372133e-06,1.007999406166249e-05,-0.0,-0.0,8.860867468904557e-05,1.007999406166249e-05,"[""joint_wheel_left"", ""joint_wheel_right""]","[0.0, 0.0]","[0.01168811321258545, -0.0201595276594162]"
7,0.32,0.04,01_stop,8,,False,0.0,0.0,0.0,0.0,False,False,-4.275226593017578,-3.0252444744110107,-2.334163166649847,-4.275226593017578,-3.0252444744110107,-2.334163166649847,-4.2752299308776855,-3.0252466201782227,-2.334163683902083,-2.8099024262807153e-05,-0.0015287333908294153,-2.8088053620129495e-05,-0.0015285564371793777,-8.344650268554688e-05,-5.364418029785156e-05,9.644998887108023e-05,-2.3203804365790657e-05,-1.2931305903851609e-05,-0.0,-0.0,9.920189963038706e-05,1.2931305903851609e-05,"[""joint_wheel_left"", ""joint_wheel_right""]","[0.0, 0.0]","[0.011963441967964172, -0.02046927809715271]"
8,0.36,0.04,01_stop,9,,False,0.0,0.0,0.0,0.0,False,False,-4.2752299308776855,-3.0252466201782227,-2.334163683902083,-4.2752299308776855,-3.0252466201782227,-2.334163683902083,-4.275231838226318,-3.02524995803833,-2.334161500250404,-2.8088053620129495e-05,-0.0015285564371793777,-2.8489289373517876e-05,-0.001527986422770536,-4.76837158203125e-05,-8.344650268554688e-05,9.325763813345628e-05,2.3239373800742196e-05,5.459129197582513e-05,-0.0,-0.0,9.610960183499514e-05,5.459129197582513e-05,"[""joint_wheel_left"", ""joint_wheel_right""]","[0.0, 0.0]","[0.011734753847122192, -0.020137488842010498]"
9,0.4,0.04,01_stop,10,,False,0.0,0.0,0.0,0.0,False,False,-4.275231838226318,-3.02524995803833,-2.334161500250404,-4.275231838226318,-3.02524995803833,-2.334161500250404,-4.275234699249268,-3.0252525806427,-2.3341637974985225,-2.8489289373517876e-05,-0.001527986422770536,-2.8298212536541913e-05,-0.001528684295287877,-7.152557373046875e-05,-6.556510925292969e-05,9.68213685871615e-05,-6.349317579893647e-06,-5.743120295997883e-05,-0.0,-0.0,9.702933189928356e-05,5.743120295997883e-05,"[""joint_wheel_left"", ""joint_wheel_right""]","[0.0, 0.0]","[0.011946648359298706, -0.020375266671180725]"
10,0.44,0.04,01_stop,11,,False,0.0,0.0,0.0,0.0,False,False,-4.275234699249268,-3.0252525806427,-2.3341637974985225,-4.275234699249268,-3.0252525806427,-2.3341637974985225,-4.275237560272217,-3.0252556800842285,-2.3341623839238568,-2.8298212536541913e-05,-0.001528684295287877,-2.816432989974798e-05,-0.001528602673416851,-7.152557373046875e-05,-7.748603820800781e-05,0.00010543439718635478,1.8925391926072379e-06,3.533936664412707e-05,-0.0,-0.0,0.0001054513812837251,3.533936664412707e-05,"[""joint_wheel_left"", ""joint_wheel_right""]","[0.0, 0.0]","[0.011782348155975342, -0.02034054696559906]"
11,0.48,0.04,01_stop,12,,False,0.0,0.0,0.0,0.0,False,False,-4.275237560272217,-3.0252556800842285,-2.3341623839238568,-4.275237560272217,-3.0252556800842285,-2.3341623839238568,-4.275240421295166,-3.0252585411071777,-2.334162181630375,-2.816432989974798e-05,-0.001528602673416851,-2.8596154425608028e-05,-0.0015283399731734423,-7.152557373046875e-05,-7.152557373046875e-05,0.00010112788702967097,-2.228420934102766e-06,5.057337049141353e-06,-0.0,-0.0,0.00010115243642614568,5.057337049141353e-06,"[""joint_wheel_left"", ""joint_wheel_right""]","[0.0, 0.0]","[0.012031972408294678, -0.020733237266540527]"
12,0.52,0.04,01_stop,13,,False,0.0,0.0,0.0,0.0,False,False,-4.275240421295166,-3.0252585411071777,-2.334162181630375,-4.275240421295166,-3.0252585411071777,-2.334162181630375,-4.27524471282959,-3.0252621173858643,-2.3341617905167795,-2.8596154425608028e-05,-0.0015283399731734423,-2.8532515949830173e-05,-0.001528602923062532,-0.00010728836059570312,-8.940696716308594e-05,0.00013877228887199968,-1.5705092735830015e-05,9.777839882207928e-06,-0.0,-0.0,0.00013965814726185776,9.777839882207928e-06,"[""joint_wheel_left"", ""joint_wheel_right""]","[0.0, 0.0]","[0.011929988861083984, -0.020490214228630066]"
13,0.56,0.04,01_stop,14,,False,0.0,0.0,0.0,0.0,False,False,-4.27524471282959,-3.0252621173858643,-2.3341617905167795,-4.27524471282959,-3.0252621173858643,-2.3341617905167795,-4.2752461433410645,-3.0252647399902344,-2.3341633177306544,-2.8532515949830173e-05,-0.001528602923062532,-2.8527789087334685e-05,-0.0015284038766620856,-3.5762786865234375e-05,-6.556510925292969e-05,7.209651923935427e-05,1.9489802186944e-05,-3.818034687297355e-05,-0.0,-0.0,7.468440584028761e-05,3.818034687297355e-05,"[""joint_wheel_left"", ""joint_wheel_right""]","[0.0, 0.0]","[0.012053892016410828, -0.020458132028579712]"
14,0.6,0.04,01_stop,15,,False,0.0,0.0,0.0,0.0,False,False,-4.2752461433410645,-3.0252647399902344,-2.3341633177306544,-4.2752461433410645,-3.0252647399902344,-2.3341633177306544,-4.27524995803833,-3.025268077850342,-2.3341611217908493,-2.8527789087334685e-05,-0.0015284038766620856,-2.861220292811419e-05,-0.001529075246243383,-9.5367431640625e-05,-8.344650268554688e-05,0.00012622416751316076,-1.1212732217786946e-05,5.489849512763101e-05,-0.0,-0.0,0.00012672121301573097,5.489849512763101e-05,"[""joint_wheel_left"", ""joint_wheel_right""]","[0.0, 0.0]","[0.011980444192886353, -0.020507529377937317]"
15,0.64,0.04,02_slow_straight,1,,False,0.2,0.0,0.20000000298023224,0.0,False,False,-4.27524995803833,-3.025268077850342,-2.3341611217908493,-4.280780792236328,-3.03104829788208,-2.3341610235137025,-4.280830383300781,-3.0310921669006348,-2.3344194635569053,-2.861220292811419e-05,-0.001529075246243383,-2.3615959229169287e-05,-0.0015855003311850244,-0.1395106315612793,-0.14560222625732422,0.20165119959486527,-0.0001353206113662575,-0.006458544151399793,-0.13827129509297043,-0.1445027686426997,0.0016567323042773498,0.006458544151399793,"[""joint_wheel_left"", ""joint_wheel_right""]","[0.0, 0.0]","[0.006875313818454742, -0.03799194097518921]"
16,0.68,0.04,02_slow_straight,2,,False,0.2,0.0,0.20000000298023224,0.0,False,False,-4.280830383300781,-3.0310921669006348,-2.3344194635569053,-4.286362648010254,-3.0368709564208984,-2.334419544535038,-4.286410331726074,-3.036909580230713,-2.3347046712485042,-2.3615959229169287e-05,-0.0015855003311850244,-2.484476108630619e-05,-0.001593451885102969,-0.13949871063232422,-0.14543533325195312,0.2015224312957853,-0.00019002847967392045,-0.00713019228997247,-0.13830862157886084,-0.14446704257043672,0.0015342420927235935,0.00713019228997247,"[""joint_wheel_left"", ""joint_wheel_right""]","[0.0, 0.0]","[-0.006487853825092316, -0.03893059492111206]"
17,0.72,0.04,02_slow_straight,3,,False,0.2,0.0,0.20000000298023224,0.0,False,False,-4.286410331726074,-3.036909580230713,-2.3347046712485042,-4.29194450378418,-3.042686700820923,-2.334704912541744,-4.291983127593994,-3.042727470397949,-2.334951767506996,-2.484476108630619e-05,-0.001593451885102969,-2.797481743732861e-05,-0.0015956701728556467,-0.13931989669799805,-0.1454472541809082,0.20140739147671796,4.821892460940558e-06,-0.006177406462293256,-0.13834981906477728,-0.1444275900125606,0.0014073967566706933,0.006177406462293256,"[""joint_wheel_left"", ""joint_wheel_right""]","[0.0, 0.0]","[-0.009848780930042267, -0.04027392715215683]"
18,0.76,0.04,02_slow_straight,4,,False,0.2,0.0,0.20000000298023224,0.0,False,False,-4.291983127593994,-3.042727470397949,-2.334951767506996,-4.297518730163574,-3.0485031604766846,-2.334951896135821,-4.297560691833496,-3.0485408306121826,-2.335107312782711,-2.797481743732861e-05,-0.0015956701728556467,-2.5385021190815174e-05,-0.001601305793486395,-0.13943910598754883,-0.14533400535583496,0.20140810640929108,-0.00010983624370038136,-0.003888631892878802,-0.13838550235794714,-0.14439339988112862,0.0014123807090715295,0.003888631892878802,"[""joint_wheel_left"", ""joint_wheel_right""]","[0.0, 0.0]","[-0.009740471839904785, -0.040504053235054016]"
19,0.8,0.04,02_slow_straight,5,,False,0.2,0.0,0.20000000298023224,0.0,False,False,-4.297560691833496,-3.0485408306121826,-2.335107312782711,-4.303097248077393,-3.0543158054351807,-2.3351073481274915,-4.303137302398682,-3.0543551445007324,-2.33521664344853,-2.5385021190815174e-05,-0.001601305793486395,-2.585004277078619e-05,-0.001603605251825097,-0.13941526412963867,-0.14535784721374512,0.20140883201109727,-4.479818052845197e-05,-0.002733266645471577,-0.13840796039498007,-0.1443718729233452,0.0014095411009214312,0.002733266645471577,"[""joint_wheel_left"", ""joint_wheel_right""]","[0.0, 0.0]","[-0.009859375655651093, -0.04041711241006851]"
20,0.84,0.04,02_slow_straight,6,,False,0.2,0.0,0.20000000298023224,0.0,False,False,-4.303137302398682,-3.0543551445007324,-2.33521664344853,-4.308674335479736,-3.060129404067993,-2.3352167657971346,-4.308718204498291,-3.0601727962493896,-2.335352378720854,-2.585004277078619e-05,-0.001603605251825097,-2.276877239599617e-05,-0.001626135435191943,-0.13952255249023438,-0.14544129371643066,0.20154332231127753,-4.246212152933526e-05,-0.003393381808103335,-0.13842374384073222,-0.14435673982605818,0.0015439033614002011,0.003393381808103335,"[""joint_wheel_left"", ""joint_wheel_right""]","[0.0, 0.0]","[-0.013894587755203247, -0.05309492349624634]"
21,0.88,0.04,02_slow_straight,7,,False,0.2,0.0,0.20000000298023224,0.0,False,False,-4.308718204498291,-3.0601727962493896,-2.335352378720854,-4.314255714416504,-3.065946340560913,-2.3353523856960767,-4.314300537109375,-3.0659821033477783,-2.3354944228462844,-2.276877239599617e-05,-0.001626135435191943,-2.6876497289729606e-05,-0.0015933814949879784,-0.1395583152770996,-0.1452326774597168,0.20141752560423812,-0.00018532287109222778,-0.0035511031357571277,-0.13844333686690022,-0.14433794951173062,0.001429585588944681,0.0035511031357571277,"[""joint_wheel_left"", ""joint_wheel_right""]","[0.0, 0.0]","[-0.010253466665744781, -0.03472527861595154]"
22,0.92,0.04,02_slow_straight,8,,False,0.2,0.0,0.20000000298023224,0.0,False,False,-4.314300537109375,-3.0659821033477783,-2.3354944228462844,-4.319839000701904,-3.0717549324035645,-2.3354945396268323,-4.319881439208984,-3.071794033050537,-2.3356019961942676,-2.6876497289729606e-05,-0.0015933814949879784,-2.4463035491899847e-05,-0.0016051007005844686,-0.13952255249023438,-0.14529824256896973,0.2014401018523276,-8.551459085796853e-05,-0.002689333699579244,-0.13846383782798274,-0.1443182829929701,0.0014426356111852977,0.002689333699579244,"[""joint_wheel_left"", ""joint_wheel_right""]","[0.0, 0.0]","[-0.01246681809425354, -0.03846520185470581]"
23,0.96,0.04,02_slow_straight,9,,False,0.2,0.0,0.20000000298023224,0.0,False,False,-4.319881439208984,-3.071794033050537,-2.3356019961942676,-4.325420379638672,-3.077566146850586,-2.3356020784486127,-4.325464248657227,-3.0776047706604004,-2.335714515039298,-2.4463035491899847e-05,-0.0016051007005844686,-2.4395711005218588e-05,-0.0016058092881357637,-0.1395702362060547,-0.14526844024658203,0.20145162305806794,-0.00011888464485795835,-0.0028129711257651735,-0.13847936182767603,-0.14430338713936167,0.0014564801437570972,0.0028129711257651735,"[""joint_wheel_left"", ""joint_wheel_right""]","[0.0, 0.0]","[-0.01331871747970581, -0.03787577897310257]"
24,1.0,0.04,02_slow_straight,10,,False,0.2,0.0,0.20000000298023224,0.0,False,False,-4.325464248657227,-3.0776047706604004,-2.335714515039298,-4.3310041427612305,-3.083376169204712,-2.3357145967796247,-4.3310465812683105,-3.0834147930145264,-2.335831559526713,-2.4395711005218588e-05,-0.0016058092881357637,-2.0377431795286567e-05,-0.0016030879276763988,-0.1395583152770996,-0.14525055885314941,0.2014304798439822,-9.999978816183086e-05,-0.002926112185375196,-0.13849559780148837,-0.1442878046880653,0.0014339679268924896,0.002926112185375196,"[""joint_wheel_left"", ""joint_wheel_right""]","[0.0, 0.0]","[-0.006127685308456421, -0.037206538021564484]"
25,1.04,0.04,02_slow_straight,11,,False,0.2,0.0,0.20000000298023224,0.0,False,False,-4.3310465812683105,-3.0834147930145264,-2.335831559526713,-4.336586952209473,-3.0891857147216797,-2.3358316656126115,-4.336633682250977,-3.0892248153686523,-2.335945608550135,-2.0377431795286567e-05,-0.0016030879276763988,-2.5880229954558626e-05,-0.0015975976115807917,-0.1396775245666504,-0.14525055885314941,0.20151305004205733,-0.00016241602983557701,-0.002851225585542849,-0.13851248494493565,-0.14427159355351934,0.0015217392608607495,0.002851225585542849,"[""joint_wheel_left"", ""joint_wheel_right""]","[0.0, 0.0]","[-0.010014861822128296, -0.03629448264837265]"
26,1.08,0.04,02_slow_straight,12,,False,0.2,0.0,0.20000000298023224,0.0,False,False,-4.336633682250977,-3.0892248153686523,-2.335945608550135,-4.342175006866455,-3.0949950218200684,-2.335945658004904,-4.342216491699219,-3.095032215118408,-2.3360674856247616,-2.5880229954558626e-05,-0.0015975976115807917,-2.2957314416046595e-05,-0.0015943338372926919,-0.1395702362060547,-0.14518499374389648,0.2013914638084638,-0.00010746214856516279,-0.003046926865668542,-0.13852893807842384,-0.14425579540163064,0.0013956042955928104,0.003046926865668542,"[""joint_wheel_left"", ""joint_wheel_right""]","[0.0, 0.0]","[-0.0034017711877822876, -0.036846570670604706]"
27,1.12,0.04,02_slow_straight,13,,False,0.2,0.0,0.20000000298023224,0.0,False,False,-4.342216491699219,-3.095032215118408,-2.3360674856247616,-4.3477582931518555,-3.100801706314087,-2.3360676746249154,-4.347803592681885,-3.100839376449585,-2.3362034620099554,-2.2957314416046595e-05,-0.0015943338372926919,-2.2961099969975822e-05,-0.0015926081922107505,-0.1396775245666504,-0.14517903327941895,0.20146149889852805,-0.00016442193354480883,-0.003399409629845084,-0.1385465185238659,-0.14423891082855894,0.0014707157752013294,0.003399409629845084,"[""joint_wheel_left"", ""joint_wheel_right""]","[0.0, 0.0]","[-0.0033548250794410706, -0.03572124242782593]"
28,1.16,0.04,02_slow_straight,14,,False,0.2,0.0,0.20000000298023224,0.0,False,False,-4.347803592681885,-3.100839376449585,-2.3362034620099554,-4.353346347808838,-3.1066081523895264,-2.336203575981905,-4.353390216827393,-3.1066465377807617,-2.336341503355798,-2.2961099969975822e-05,-0.0015926081922107505,-2.3669776247836178e-05,-0.001591515645377362,-0.1396656036376953,-0.14517903327941895,0.20145326020870613,-0.00012843173979322497,-0.0034510336460624727,-0.13856613032867096,-0.1442200704403887,0.0014589212740576162,0.0034510336460624727,"[""joint_wheel_left"", ""joint_wheel_right""]","[0.0, 0.0]","[-0.0035565122961997986, -0.0352228507399559]"
29,1.2,0.04,02_slow_straight,15,,False,0.2,0.0,0.20000000298023224,0.0,False,False,-4.353390216827393,-3.1066465377807617,-2.336341503355798,-4.358933448791504,-3.112414598464966,-2.336341656468242,-4.358979225158691,-3.1124517917633057,-2.3364781626595925,-2.3669776247836178e-05,-0.001591515645377362,-2.4123771691422947e-05,-0.0015902098189210748,-0.1397252082824707,-0.14513134956359863,0.20146019769222961,-0.00017663957385360973,-0.0034164825948646005,-0.1385860373410114,-0.1442009412112442,0.0014708399423445664,0.0034164825948646005,"[""joint_wheel_left"", ""joint_wheel_right""]","[0.0, 0.0]","[-0.0035196691751480103, -0.03488475829362869]"
30,1.24,0.04,03_medium_straight,1,,False,0.5,0.0,0.5,0.0,False,False,-4.358979225158691,-3.1124517917633057,-2.3364781626595925,-4.37283992767334,-3.1268699169158936,-2.336478278832348,-4.37250280380249,-3.12669038772583,-2.3362823486235067,-2.4123771691422947e-05,-0.0015902098189210748,2.875208085889782e-06,-0.001537597749819896,-0.3380894660949707,-0.35596489906311035,0.49092435678849966,0.002961817210866774,0.0048953509021454344,-0.34651435095423966,-0.3604549966122845,0.009546709427495881,0.0048953509021454344,"[""joint_wheel_left"", ""joint_wheel_right""]","[0.0, 0.0]","[-0.0011684596538543701, -0.05455027520656586]"
31,1.28,0.04,03_medium_straight,2,,False,0.5,0.0,0.5,0.0,False,False,-4.37250280380249,-3.12669038772583,-2.3362823486235067,-4.3863606452941895,-3.141111373901367,-2.336282435220311,-4.385996341705322,-3.1409685611724854,-2.3358166570668044,2.875208085889782e-06,-0.001537597749819896,2.040645323283292e-05,-0.0016089611128198191,-0.3373384475708008,-0.35695433616638184,0.49111798532920387,0.004092774565515767,0.011642288917557142,-0.3464437621637532,-0.3605228420749853,0.00977962106916063,0.011642288917557142,"[""joint_wheel_left"", ""joint_wheel_right""]","[0.0, 0.0]","[-0.03851102665066719, -0.027087658643722534]"
32,1.32,0.04,03_medium_straight,3,,False,0.5,0.0,0.5,0.0,False,False,-4.385996341705322,-3.1409685611724854,-2.3358166570668044,-4.399847507476807,-3.155395984649658,-2.3358165631817758,-4.399473667144775,-3.1552562713623047,-2.335289627938936,2.040645323283292e-05,-0.0016089611128198191,1.3677337219279173e-05,-0.001592071482383369,-0.3369331359863281,-0.3571927547454834,0.49101112643306594,0.004321560734306701,0.013175728196712646,-0.3462758321598784,-0.3606841389110197,0.00997375231207535,0.013175728196712646,"[""joint_wheel_left"", ""joint_wheel_right""]","[0.0, 0.0]","[-0.03223837539553642, -0.02540898323059082]"
33,1.36,0.04,03_medium_straight,4,,False,0.5,0.0,0.5,0.0,False,False,-4.399473667144775,-3.1552562713623047,-2.335289627938936,-4.4133172035217285,-3.1696908473968506,-2.335289713315215,-4.412950038909912,-3.169544219970703,-2.334800761871713,1.3677337219279173e-05,-0.001592071482383369,1.6945898276240742e-05,-0.0015909459876463402,-0.33690929412841797,-0.35719871520996094,0.491001135042896,0.004084116103078211,0.012221651680577317,-0.34608569303077724,-0.36086658626063817,0.009882285912662948,0.012221651680577317,"[""joint_wheel_left"", ""joint_wheel_right""]","[0.0, 0.0]","[-0.03530564531683922, -0.02243781089782715]"
34,1.4000000000000001,0.04,03_medium_straight,5,,False,0.5,0.0,0.5,0.0,False,False,-4.412950038909912,-3.169544219970703,-2.334800761871713,-4.426786422729492,-3.183985710144043,-2.3348006815056053,-4.426422119140625,-3.1838455200195312,-2.3343594635908236,1.6945898276240742e-05,-0.0015909459876463402,2.326383164385363e-05,-0.0016092390354860194,-0.33680200576782227,-0.3575325012207031,0.49116986624055736,0.004152471022565218,0.011032457022230878,-0.34590923625347214,-0.3610357326838156,0.009757780372753412,0.011032457022230878,"[""joint_wheel_left"", ""joint_wheel_right""]","[0.0, 0.0]","[-0.03749598562717438, -0.029147997498512268]"
35,1.44,0.04,03_medium_straight,6,,False,0.5,0.0,0.5,0.0,False,False,-4.426422119140625,-3.1838455200195312,-2.3343594635908236,-4.440252304077148,-3.1982929706573486,-2.3343595692618173,-4.439879417419434,-3.198151111602783,-2.3338600063503274,2.326383164385363e-05,-0.0016092390354860194,1.7029636742426756e-05,-0.0015911085562778844,-0.33643245697021484,-0.35763978958129883,0.49099361060027924,0.004276861521317676,0.012486431012403987,-0.345749878128567,-0.3611883466753614,0.009970285577250555,0.012486431012403987,"[""joint_wheel_left"", ""joint_wheel_right""]","[0.0, 0.0]","[-0.034251559525728226, -0.023524612188339233]"
36,1.48,0.04,03_medium_straight,7,,False,0.5,0.0,0.5,0.0,False,False,-4.439879417419434,-3.198151111602783,-2.3338600063503274,-4.453701972961426,-3.2126054763793945,-2.333860102351926,-4.453335285186768,-3.2124664783477783,-2.333425179051269,1.7029636742426756e-05,-0.0015911085562778844,2.3239329663477918e-05,-0.0016098080650570076,-0.3363966941833496,-0.35788416862487793,0.4911475865220881,0.004226377093216743,0.01087068247646039,-0.34556943687618213,-0.36136098889763735,0.009809561035947703,0.01087068247646039,"[""joint_wheel_left"", ""joint_wheel_right""]","[0.0, 0.0]","[-0.0361018031835556, -0.029697760939598083]"
37,1.52,0.04,03_medium_straight,8,,False,0.5,0.0,0.5,0.0,False,False,-4.453335285186768,-3.2124664783477783,-2.333425179051269,-4.467151641845703,-3.2269270420074463,-2.3334252467016565,-4.4667792320251465,-3.2267861366271973,-2.3329343041369475,2.3239329663477918e-05,-0.0016098080650570076,1.7069401720622898e-05,-0.0015915051351337124,-0.33609867095947266,-0.35799145698547363,0.49102106796685674,0.004302407232416622,0.012271872858038437,-0.3454122745891141,-0.361511217755652,0.00995650181787544,0.012271872858038437,"[""joint_wheel_left"", ""joint_wheel_right""]","[0.0, 0.0]","[-0.03402598574757576, -0.02339598536491394]"
38,1.56,0.04,03_medium_straight,9,,False,0.5,0.0,0.5,0.0,False,False,-4.4667792320251465,-3.2267861366271973,-2.3329343041369475,-4.480588436126709,-3.24125337600708,-2.3329343876566164,-4.480223655700684,-3.241112470626831,-2.3325083874610177,1.7069401720622898e-05,-0.0015915051351337124,2.259858937459567e-05,-0.0016100522749211627,-0.33611059188842773,-0.3581583499908447,0.4911520757587625,0.00416798819725725,0.010647916898243182,-0.3452347761932427,-0.3616807284149953,0.009780485110215842,0.010647916898243182,"[""joint_wheel_left"", ""joint_wheel_right""]","[0.0, 0.0]","[-0.03505236655473709, -0.02998952567577362]"
39,1.6,0.04,03_medium_straight,10,,False,0.5,0.0,0.5,0.0,False,False,-4.480223655700684,-3.241112470626831,-2.3325083874610177,-4.4940266609191895,-3.2555856704711914,-2.332508544092511,-4.493655204772949,-3.2554454803466797,-2.332020147193556,2.259858937459567e-05,-0.0016100522749211627,1.6856971023455798e-05,-0.0015918196880926397,-0.3357887268066406,-0.3583252429962158,0.4910524406076899,0.004306900504195715,0.012206006686543702,-0.3450806990306464,-0.3618277368534928,0.009930166717228774,0.012206006686543702,"[""joint_wheel_left"", ""joint_wheel_right""]","[0.0, 0.0]","[-0.03362077847123146, -0.02347700297832489]"
40,1.6400000000000001,0.04,03_medium_straight,11,,False,0.5,0.0,0.5,0.0,False,False,-4.493655204772949,-3.2554454803466797,-2.332020147193556,-4.50745153427124,-3.269925355911255,-2.3320201931129185,-4.50708532333374,-3.2697877883911133,-2.3315888862320757,1.6856971023455798e-05,-0.0015918196880926397,2.1976096318789723e-05,-0.0016101342343326508,-0.3357529640197754,-0.35855770111083984,0.4911981133224165,0.004253391876306911,0.010781524037006827,-0.3449039990367296,-0.3619961760136033,0.009775712328953622,0.010781524037006827,"[""joint_wheel_left"", ""joint_wheel_right""]","[0.0, 0.0]","[-0.034304991364479065, -0.029931649565696716]"
41,1.68,0.04,03_medium_straight,12,,False,0.5,0.0,0.5,0.0,False,False,-4.50708532333374,-3.2697877883911133,-2.3315888862320757,-4.520875453948975,-3.284273624420166,-2.331588917339116,-4.520503044128418,-3.284135580062866,-2.3310986524440676,2.1976096318789723e-05,-0.0016101342343326508,1.614018760384609e-05,-0.0015924400434754518,-0.33544301986694336,-0.35869479179382324,0.49108549018380504,0.004360569733497827,0.012255844700204133,-0.34474785214898895,-0.3621448859761226,0.009923862839828738,0.012255844700204133,"[""joint_wheel_left"", ""joint_wheel_right""]","[0.0, 0.0]","[-0.03268280252814293, -0.02371200919151306]"
42,1.72,0.04,03_medium_straight,13,,False,0.5,0.0,0.5,0.0,False,False,-4.520503044128418,-3.284135580062866,-2.3310986524440676,-4.534286022186279,-3.298628091812134,-2.331098547830875,-4.533918857574463,-3.2984933853149414,-2.330663136477191,1.614018760384609e-05,-0.0015924400434754518,2.1477387054686273e-05,-0.0016115608182528298,-0.33539533615112305,-0.3589451313018799,0.4912361110307931,0.004326894566644757,0.01088789917191857,-0.34457027507035903,-0.36231384949783124,0.009773830695047106,0.01088789917191857,"[""joint_wheel_left"", ""joint_wheel_right""]","[0.0, 0.0]","[-0.03332732617855072, -0.03005164861679077]"
43,1.76,0.04,03_medium_straight,14,,False,0.5,0.0,0.5,0.0,False,False,-4.533918857574463,-3.2984933853149414,-2.330663136477191,-4.547695159912109,-3.3129918575286865,-2.330663218361188,-4.547321796417236,-3.3128554821014404,-2.3301706595563743,2.1477387054686273e-05,-0.0016115608182528298,1.5136858463070877e-05,-0.0015934280968064591,-0.33507347106933594,-0.3590524196624756,0.491094016504053,0.004420184820625367,0.01231192302041384,-0.3444124489308326,-0.362463880988805,0.009942563848352511,0.01231192302041384,"[""joint_wheel_left"", ""joint_wheel_right""]","[0.0, 0.0]","[-0.03198765218257904, -0.023958981037139893]"
44,1.8,0.04,03_medium_straight,15,,False,0.5,0.0,0.5,0.0,False,False,-4.547321796417236,-3.3128554821014404,-2.3301706595563743,-4.56109094619751,-3.3273608684539795,-2.3301705799299843,-4.5607218742370605,-3.327227830886841,-2.3297342814405404,1.5136858463070877e-05,-0.0015934280968064591,2.184360552376928e-05,-0.0016117835043337409,-0.33500194549560547,-0.35930871963500977,0.49123277662259207,0.00440666123604197,0.010909452895846439,-0.3442339020762511,-0.36263345220947,0.00981238345146597,0.010909452895846439,"[""joint_wheel_left"", ""joint_wheel_right""]","[0.0, 0.0]","[-0.03355115279555321, -0.028856977820396423]"
45,1.84,0.04,04_fast_straight,1,,False,1.0,0.0,1.0,0.0,False,False,-4.5607218742370605,-3.327227830886841,-2.3297342814405404,-4.588247776031494,-3.356250524520874,-2.3297343633311356,-4.58796501159668,-3.35603928565979,-2.3296331896180895,2.184360552376928e-05,-0.0016117835043337409,2.9102833199251405e-05,-0.0016151567439290392,-0.6810784339904785,-0.7202863693237305,0.9913011872476891,0.0014977455745320278,0.0025272955612720693,-0.688151248006284,-0.7255672676378074,0.008826810585131854,0.0025272955612720693,"[""joint_wheel_left"", ""joint_wheel_right""]","[0.0, 0.0]","[-0.05694643780589104, -0.013849928975105286]"
46,1.8800000000000001,0.04,04_fast_straight,2,,False,1.0,0.0,1.0,0.0,False,False,-4.58796501159668,-3.35603928565979,-2.3296331896180895,-4.615488052368164,-3.3850648403167725,-2.329633263615234,-4.615203380584717,-3.3848533630371094,-2.3295199491412313,2.9102833199251405e-05,-0.0016151567439290392,2.9445285872083716e-05,-0.0016159032922390707,-0.6809592247009277,-0.7203519344329834,0.9912668847731652,0.0015291496768539692,0.002831011921455851,-0.6880778955727125,-0.7256368303939839,0.008865979940164291,0.002831011921455851,"[""joint_wheel_left"", ""joint_wheel_right""]","[0.0, 0.0]","[-0.05782124772667885, -0.01389169692993164]"
47,1.92,0.04,04_fast_straight,3,,False,1.0,0.0,1.0,0.0,False,False,-4.615203380584717,-3.3848533630371094,-2.3295199491412313,-4.642723083496094,-3.41388201713562,-2.329520060136154,-4.642414569854736,-3.4136929512023926,-2.329342626531935,2.9445285872083716e-05,-0.0016159032922390707,4.652429934193042e-06,-0.0016107710007282306,-0.6802797317504883,-0.7209897041320801,0.9912624022115433,0.002348799008281943,0.004433065232412049,-0.6879957197004374,-0.7257147440102599,0.009047788232167547,0.004433065232412049,"[""joint_wheel_left"", ""joint_wheel_right""]","[0.0, 0.0]","[-0.05772867053747177, -0.015941709280014038]"
48,1.96,0.04,04_fast_straight,4,,False,1.0,0.0,1.0,0.0,False,False,-4.642414569854736,-3.4136929512023926,-2.329342626531935,-4.669929027557373,-3.4427263736724854,-2.3293426478079557,-4.66961145401001,-3.442534923553467,-2.3291088964195255,4.652429934193042e-06,-0.0016107710007282306,-7.667210320619078e-06,-0.001592599660401673,-0.6799221038818359,-0.7210493087768555,0.991060065945428,0.002473605248858868,0.005843252810233679,-0.6878670232526685,-0.7258367297963867,0.009275836556735964,0.005843252810233679,"[""joint_wheel_left"", ""joint_wheel_right""]","[0.0, 0.0]","[-0.05226201191544533, -0.01818263530731201]"
49,2.0,0.04,04_fast_straight,5,,False,1.0,0.0,1.0,0.0,False,False,-4.66961145401001,-3.442534923553467,-2.3291088964195255,-4.697119235992432,-3.4715747833251953,-2.329108886937778,-4.696803092956543,-3.471388101577759,-2.328922585709943,-7.667210320619078e-06,-0.001592599660401673,1.8102165208175095e-06,-0.0016102225404396296,-0.6797909736633301,-0.7213294506072998,0.9911738213907997,0.002529817607352991,0.004657767739557617,-0.68769735456476,-0.7259974852054454,0.00918157970983098,0.004657767739557617,"[""joint_wheel_left"", ""joint_wheel_right""]","[0.0, 0.0]","[-0.057101812213659286, -0.01647917926311493]"
50,2.04,0.04,04_fast_straight,6,,False,1.0,0.0,1.0,0.0,False,False,-4.696803092956543,-3.471388101577759,-2.328922585709943,-4.724305629730225,-3.5004332065582275,-2.32892274672267,-4.724010944366455,-3.500239133834839,-2.3288139182655243,1.8102165208175095e-06,-0.0016102225404396296,2.2174935484105675e-05,-0.001622430870458987,-0.6801962852478027,-0.721275806427002,0.9914139999844442,0.0020139604456183013,0.002716686110471045,-0.6875620815233535,-0.7261255979865145,0.00881903809627997,0.002716686110471045,"[""joint_wheel_left"", ""joint_wheel_right""]","[0.0, 0.0]","[-0.03827589005231857, -0.02990134060382843]"
51,2.08,0.04,04_fast_straight,7,,False,1.0,0.0,1.0,0.0,False,False,-4.724010944366455,-3.500239133834839,-2.3288139182655243,-4.751510143280029,-3.529287099838257,-2.328814069228982,-4.751216411590576,-3.52909517288208,-2.328660998605023,2.2174935484105675e-05,-0.001622430870458987,2.411640698021323e-05,-0.0016206600820581833,-0.6801366806030273,-0.7214009761810303,0.9914641341066469,0.0020355630191163376,0.0038229915125365115,-0.6874831712508711,-0.7262003093133778,0.008775222125627598,0.0038229915125365115,"[""joint_wheel_left"", ""joint_wheel_right""]","[0.0, 0.0]","[-0.045731060206890106, -0.027215421199798584]"
52,2.12,0.04,04_fast_straight,8,,False,1.0,0.0,1.0,0.0,False,False,-4.751216411590576,-3.52909517288208,-2.328660998605023,-4.778711318969727,-3.558147430419922,-2.328660984806047,-4.778415679931641,-3.557957172393799,-2.328503262798468,2.411640698021323e-05,-0.0016206600820581833,2.4476506090873142e-05,-0.001621431590161883,-0.6799817085266113,-0.7215499877929688,0.9914661382511962,0.002098932124345254,0.003943395163874541,-0.6873721129083491,-0.7263054305152287,0.008788191646197962,0.003943395163874541,"[""joint_wheel_left"", ""joint_wheel_right""]","[0.0, 0.0]","[-0.04594361409544945, -0.027031108736991882]"
53,2.16,0.04,04_fast_straight,9,,False,1.0,0.0,1.0,0.0,False,False,-4.778415679931641,-3.557957172393799,-2.328503262798468,-4.805905818939209,-3.5870137214660645,-2.328503060164374,-4.805610656738281,-3.586824893951416,-2.3283425664824384,2.4476506090873142e-05,-0.001621431590161883,2.477005897566059e-05,-0.0016225929015685405,-0.6798744201660156,-0.7216930389404297,0.991496636593058,0.002118791118098595,0.004017407900736014,-0.6872575399848266,-0.7264138446739602,0.008763359232203966,0.004017407900736014,"[""joint_wheel_left"", ""joint_wheel_right""]","[0.0, 0.0]","[-0.04500124976038933, -0.027993112802505493]"
54,2.2,0.04,04_fast_straight,10,,False,1.0,0.0,1.0,0.0,False,False,-4.805610656738281,-3.586824893951416,-2.3283425664824384,-4.833096504211426,-3.6158859729766846,-2.3283426639340363,-4.832797050476074,-3.6156983375549316,-2.328175907899491,2.477005897566059e-05,-0.0016225929015685405,2.393749780372213e-05,-0.0016233983762351967,-0.6796598434448242,-0.7218360900878906,0.9914534499846629,0.0022136527111531468,0.004166464573684968,-0.6871407990829462,-0.7265242750491204,0.00882857720645013,0.004166464573684968,"[""joint_wheel_left"", ""joint_wheel_right""]","[0.0, 0.0]","[-0.04435788840055466, -0.02869364619255066]"
55,2.24,0.04,04_fast_straight,11,,False,1.0,0.0,1.0,0.0,False,False,-4.832797050476074,-3.6156983375549316,-2.328175907899491,-4.8602776527404785,-3.644763946533203,-2.3281760055759286,-4.859978199005127,-3.6445775032043457,-2.328008465294042,2.393749780372213e-05,-0.0016233983762351967,2.2727888599852376e-05,-0.0016242134507489638,-0.6795287132263184,-0.7219791412353516,0.991467662607281,0.002241981714078356,0.004186065136224659,-0.6870197080346537,-0.7266387828708147,0.00882197616123788,0.004186065136224659,"[""joint_wheel_left"", ""joint_wheel_right""]","[0.0, 0.0]","[-0.0415378212928772, -0.031114935874938965]"
56,2.2800000000000002,0.04,04_fast_straight,12,,False,1.0,0.0,1.0,0.0,False,False,-4.859978199005127,-3.6445775032043457,-2.328008465294042,-4.887454032897949,-3.67364764213562,-2.3280086902318744,-4.887130260467529,-3.67348575592041,-2.327769101391909,2.2727888599852376e-05,-0.0016242134507489638,-1.5294603302105794e-06,-0.00161783434104989,-0.6788015365600586,-0.7227063179016113,0.9914970063055522,0.0031039423849826275,0.005984097553324296,-0.6868980281132034,-0.7267538090537901,0.009051815292918373,0.005984097553324296,"[""joint_wheel_left"", ""joint_wheel_right""]","[0.0, 0.0]","[-0.04333658888936043, -0.026633307337760925]"
57,2.32,0.04,04_fast_straight,13,,False,1.0,0.0,1.0,0.0,False,False,-4.887130260467529,-3.67348575592041,-2.327769101391909,-4.914599418640137,-3.7025625705718994,-2.3277692747618044,-4.914273262023926,-3.7023942470550537,-2.3275411006052606,-1.5294603302105794e-06,-0.00161783434104989,-1.2635655835267616e-06,-0.0016171902125416522,-0.6785750389099121,-0.7227122783660889,0.9913465122599265,0.0030353521659454152,0.005700019666210477,-0.6867240498093017,-0.7269182068248888,0.009170398728458515,0.005700019666210477,"[""joint_wheel_left"", ""joint_wheel_right""]","[0.0, 0.0]","[-0.04781878739595413, -0.02506232261657715]"
58,2.36,0.04,04_fast_straight,14,,False,1.0,0.0,1.0,0.0,False,False,-4.914273262023926,-3.7023942470550537,-2.3275411006052606,-4.941735744476318,-3.7314772605895996,-2.3275413118019572,-4.941406726837158,-3.7313098907470703,-2.3273075914229615,-1.2635655835267616e-06,-0.0016171902125416522,-1.6640520825090364e-06,-0.0016178692465220288,-0.6783366203308105,-0.722891092300415,0.9913135014010734,0.003105438625623236,0.0058377295574785215,-0.6865582940382979,-0.7270747615529108,0.009224912301299572,0.0058377295574785215,"[""joint_wheel_left"", ""joint_wheel_right""]","[0.0, 0.0]","[-0.04729747027158737, -0.02563636004924774]"
59,2.4,0.04,04_fast_straight,15,,False,1.0,0.0,1.0,0.0,False,False,-4.941406726837158,-3.7313098907470703,-2.3273075914229615,-4.968862056732178,-3.760399341583252,-2.3273076523493783,-4.968532562255859,-3.760232448577881,-2.3270790409345543,-1.6640520825090364e-06,-0.0016178692465220288,1.3378602142020367e-06,-0.0016197851802304385,-0.6781458854675293,-0.7230639457702637,0.9913089864103926,0.003131311450892127,0.00571376221017994,-0.6863884966889768,-0.7272350593948607,0.009237901743211577,0.00571376221017994,"[""joint_wheel_left"", ""joint_wheel_right""]","[0.0, 0.0]","[-0.0488167367875576, -0.02174478769302368]"
60,2.44,0.04,05_left_turn,1,,False,0.0,0.5,0.0,0.5,False,False,-4.968532562255859,-3.760232448577881,-2.3270790409345543,-4.968532562255859,-3.760232448577881,-2.307079043481129,-4.968729019165039,-3.7604453563690186,-2.3080474399631843,1.3378602142020367e-06,-0.0016197851802304385,-2.0419616335120946e-05,-0.0016157078640845982,-0.0049114227294921875,-0.005322694778442383,0.007242012795568012,8.002250345674582e-05,0.47579002428425043,-0.0,-0.0,0.007242454896803314,0.024209975715749565,"[""joint_wheel_left"", ""joint_wheel_right""]","[0.0, 0.0]","[0.0022722259163856506, -0.05513179302215576]"
61,2.48,0.04,05_left_turn,2,,False,0.0,0.5,0.0,0.5,False,False,-4.968729019165039,-3.7604453563690186,-2.3080474399631843,-4.968729019165039,-3.7604453563690186,-2.2880475643787803,-4.968935012817383,-3.760653257369995,-2.2890781045114617,-2.0419616335120946e-05,-0.0016157078640845982,-1.9690247951039918e-05,-0.0016161533030526016,-0.00514984130859375,-0.0051975250244140625,0.007309836756075914,-0.00031846268640227946,0.4742333862930659,-0.0,-0.0,0.007316770591122082,0.025766613706934116,"[""joint_wheel_left"", ""joint_wheel_right""]","[0.0, 0.0]","[0.004943631589412689, -0.05596768110990524]"
62,2.52,0.04,05_left_turn,3,,False,0.0,0.5,0.0,0.5,False,False,-4.968935012817383,-3.760653257369995,-2.2890781045114617,-4.968935012817383,-3.760653257369995,-2.2690782290969316,-4.969135761260986,-3.7608678340911865,-2.270103195713316,-1.9690247951039918e-05,-0.0016161533030526016,-2.0026910620249668e-05,-0.001615276063388364,-0.005018711090087891,-0.005364418029785156,0.00734184524060179,-0.00024849601024584927,0.47437271995364183,-0.0,-0.0,0.007346049401144484,0.02562728004635817,"[""joint_wheel_left"", ""joint_wheel_right""]","[0.0, 0.0]","[0.004955112934112549, -0.05402950197458267]"
63,2.56,0.04,05_left_turn,4,,False,0.0,0.5,0.0,0.5,False,False,-4.969135761260986,-3.7608678340911865,-2.270103195713316,-4.969135761260986,-3.7608678340911865,-2.2501032550686606,-4.969332218170166,-3.761085271835327,-2.2511227903538322,-2.0026910620249668e-05,-0.001615276063388364,-2.022780035723941e-05,-0.001615741581719313,-0.0049114227294921875,-0.005435943603515625,0.007321486204506827,-0.0002596070984991713,0.47451013398709385,-0.0,-0.0,0.007326087365598019,0.02548986601290615,"[""joint_wheel_left"", ""joint_wheel_right""]","[0.0, 0.0]","[0.005397774279117584, -0.05215321481227875]"
64,2.6,0.04,05_left_turn,5,,False,0.0,0.5,0.0,0.5,False,False,-4.969332218170166,-3.761085271835327,-2.2511227903538322,-4.969332218170166,-3.761085271835327,-2.2311228888367514,-4.969522953033447,-3.761310338973999,-2.232135518369743,-2.022780035723941e-05,-0.001615741581719313,-2.061119775686589e-05,-0.0016160257892431226,-0.00476837158203125,-0.005626678466796875,0.0073735254805031136,-0.0001673323083273958,0.4746817996022279,-0.0,-0.0,0.007375423927682994,0.025318200397772106,"[""joint_wheel_left"", ""joint_wheel_right""]","[0.0, 0.0]","[0.005556613206863403, -0.04997725784778595]"
65,2.64,0.04,05_left_turn,6,,False,0.0,0.5,0.0,0.5,False,False,-4.969522953033447,-3.761310338973999,-2.232135518369743,-4.969522953033447,-3.761310338973999,-2.212135524976474,-4.969708442687988,-3.7615389823913574,-2.2131409453025155,-2.061119775686589e-05,-0.0016160257892431226,-2.0587444865976462e-05,-0.0016155722960949435,-0.004637241363525391,-0.005716085433959961,0.007359039920355848,-0.00014890131809037034,0.47486432668069056,-0.0,-0.0,0.007360546185706605,0.025135673319309437,"[""joint_wheel_left"", ""joint_wheel_right""]","[0.0, 0.0]","[0.005465015769004822, -0.04757431149482727]"
66,2.68,0.04,05_left_turn,7,,False,0.0,0.5,0.0,0.5,False,False,-4.969708442687988,-3.7615389823913574,-2.2131409453025155,-4.969708442687988,-3.7615389823913574,-2.193141010428801,-4.9698896408081055,-3.7617709636688232,-2.194135974235976,-2.0587444865976462e-05,-0.0016155722960949435,-2.1393039567430018e-05,-0.0016157594049339924,-0.0045299530029296875,-0.005799531936645508,0.007357425614923648,-0.0001527521318615715,0.47512427666348556,-0.0,-0.0,0.007359011135534644,0.024875723336514444,"[""joint_wheel_left"", ""joint_wheel_right""]","[0.0, 0.0]","[0.006498858332633972, -0.0453161746263504]"
67,2.72,0.04,05_left_turn,8,,False,0.0,0.5,0.0,0.5,False,False,-4.9698896408081055,-3.7617709636688232,-2.194135974235976,-4.9698896408081055,-3.7617709636688232,-2.1741359157556257,-4.970068454742432,-3.762005567550659,-2.17513133262912,-2.1393039567430018e-05,-0.0016157594049339924,-2.008721207055268e-05,-0.0016158403479737957,-0.004470348358154297,-0.0058650970458984375,0.007371634365762973,-0.00020587515285175675,0.4751160401713972,-0.0,-0.0,0.007374508648110693,0.02488395982860281,"[""joint_wheel_left"", ""joint_wheel_right""]","[0.0, 0.0]","[0.006879016757011414, -0.04254370927810669]"
68,2.7600000000000002,0.04,05_left_turn,9,,False,0.0,0.5,0.0,0.5,False,False,-4.970068454742432,-3.762005567550659,-2.17513133262912,-4.970068454742432,-3.762005567550659,-2.1551312945942223,-4.970237731933594,-3.7622475624084473,-2.1561118894675695,-2.008721207055268e-05,-0.0016158403479737957,-2.1892963716036975e-05,-0.0016160440575692108,-0.004231929779052734,-0.0060498714447021484,0.0073829649997858935,-4.474331449785124e-05,0.47548607903876716,-0.0,-0.0,0.007383100578500593,0.024513920961232838,"[""joint_wheel_left"", ""joint_wheel_right""]","[0.0, 0.0]","[0.007801249623298645, -0.040247946977615356]"
69,2.8000000000000003,0.04,05_left_turn,10,,False,0.0,0.5,0.0,0.5,False,False,-4.970237731933594,-3.7622475624084473,-2.1561118894675695,-4.970237731933594,-3.7622475624084473,-2.1361120961480404,-4.970403671264648,-3.7624950408935547,-2.1370880416992866,-2.1892963716036975e-05,-0.0016160440575692108,-2.2337178416899598e-05,-0.0016159693289832739,-0.0041484832763671875,-0.006186962127685547,0.0074489479507129025,-3.985337229848963e-05,0.475596194207073,-0.0,-0.0,0.00744905456173557,0.024403805792927002,"[""joint_wheel_left"", ""joint_wheel_right""]","[0.0, 0.0]","[0.007874168455600739, -0.037689387798309326]"
70,2.84,0.04,05_left_turn,11,,False,0.0,0.5,0.0,0.5,False,False,-4.970403671264648,-3.7624950408935547,-2.1370880416992866,-4.970403671264648,-3.7624950408935547,-2.117088215330117,-4.970561981201172,-3.7627477645874023,-2.118055483871086,-2.2337178416899598e-05,-0.0016159693289832739,-2.28216743644906e-05,-0.001615948458085811,-0.0039577484130859375,-0.006318092346191406,0.007455171802515348,4.97673715073128e-05,0.475813945705017,-0.0,-0.0,0.007455337912951142,0.024186054294982995,"[""joint_wheel_left"", ""joint_wheel_right""]","[0.0, 0.0]","[0.008126690983772278, -0.0350106805562973]"
71,2.88,0.04,05_left_turn,12,,False,0.0,0.5,0.0,0.5,False,False,-4.970561981201172,-3.7627477645874023,-2.118055483871086,-4.970561981201172,-3.7627477645874023,-2.09805574487814,-4.9707159996032715,-3.7630059719085693,-2.0990175060894676,-2.28216743644906e-05,-0.001615948458085811,-2.3159077241876516e-05,-0.0016159895491062307,-0.0038504600524902344,-0.006455183029174805,0.007516010486855887,7.083020148101419e-05,0.47594944454045773,-0.0,-0.0,0.007516344228145056,0.024050555459542267,"[""joint_wheel_left"", ""joint_wheel_right""]","[0.0, 0.0]","[0.008457951247692108, -0.032326847314834595]"
72,2.92,0.04,05_left_turn,13,,False,0.0,0.5,0.0,0.5,False,False,-4.9707159996032715,-3.7630059719085693,-2.0990175060894676,-4.9707159996032715,-3.7630059719085693,-2.0790177047286402,-4.970864772796631,-3.763267755508423,-2.0799751489967253,-2.3159077241876516e-05,-0.0016159895491062307,-2.317060559037572e-05,-0.001616269920502975,-0.003719329833984375,-0.006544589996337891,0.007527128745669504,8.605510007008007e-05,0.4760589273185567,-0.0,-0.0,0.007527620648925677,0.0239410726814433,"[""joint_wheel_left"", ""joint_wheel_right""]","[0.0, 0.0]","[0.009230084717273712, -0.029601916670799255]"
73,2.96,0.04,05_left_turn,14,,False,0.0,0.5,0.0,0.5,False,False,-4.970864772796631,-3.763267755508423,-2.0799751489967253,-4.970864772796631,-3.763267755508423,-2.059975182348149,-4.97100830078125,-3.7635347843170166,-2.0609249652168913,-2.317060559037572e-05,-0.001616269920502975,-2.392561856457062e-05,-0.0016164320519452217,-0.0035881996154785156,-0.00667572021484375,0.007577977586245415,0.00012113038328914229,0.4762545944958507,-0.0,-0.0,0.007578945630323103,0.023745405504149275,"[""joint_wheel_left"", ""joint_wheel_right""]","[0.0, 0.0]","[0.009943775832653046, -0.026565447449684143]"
74,3.0,0.04,05_left_turn,15,,False,0.0,0.5,0.0,0.5,False,False,-4.97100830078125,-3.7635347843170166,-2.0609249652168913,-4.97100830078125,-3.7635347843170166,-2.040925058656217,-4.971147537231445,-3.7638065814971924,-2.0418717189508153,-2.392561856457062e-05,-0.0016164320519452217,-2.3198798626302595e-05,-0.0016166175783041163,-0.0034809112548828125,-0.006794929504394531,0.007633580182629099,0.00012752932773850813,0.47633115665189907,-0.0,-0.0,0.007634645383648225,0.023668843348100932,"[""joint_wheel_left"", ""joint_wheel_right""]","[0.0, 0.0]","[0.009965114295482635, -0.023503199219703674]"
75,3.04,0.04,06_right_turn,1,,False,0.0,-0.5,0.0,-0.5,False,False,-4.971147537231445,-3.7638065814971924,-2.0418717189508153,-4.971147537231445,-3.7638065814971924,-2.0618718631039266,-4.971312046051025,-3.7640814781188965,-2.0609720073973796,-2.3198798626302595e-05,-0.0016166175783041163,-8.255823030421835e-06,-0.0016352270929790981,-0.004112720489501953,-0.006872415542602539,0.007990413988217919,-0.0005457559086858941,-0.47750721116410766,-0.0,-0.0,0.008009030229370728,0.02249278883589234,"[""joint_wheel_left"", ""joint_wheel_right""]","[0.0, 0.0]","[-0.04695160686969757, 0.028568267822265625]"
76,3.08,0.04,06_right_turn,2,,False,0.0,-0.5,0.0,-0.5,False,False,-4.971312046051025,-3.7640814781188965,-2.0609720073973796,-4.971312046051025,-3.7640814781188965,-2.0809720084526058,-4.971474647521973,-3.764366388320923,-2.080092320326474,-8.255823030421835e-06,-0.0016352270929790981,-1.312059853803226e-05,-0.0016277429115356186,-0.004065036773681641,-0.00712275505065918,0.008197793448681543,-0.00023312240524852885,-0.47800782322735547,-0.0,-0.0,0.008201107454671893,0.021992176772644534,"[""joint_wheel_left"", ""joint_wheel_right""]","[0.0, 0.0]","[-0.03180205076932907, 0.02582991123199463]"
77,3.12,0.04,06_right_turn,3,,False,0.0,-0.5,0.0,-0.5,False,False,-4.971474647521973,-3.764366388320923,-2.080092320326474,-4.971474647521973,-3.764366388320923,-2.1000924827872227,-4.971642971038818,-3.76465106010437,-2.099212420603758,-1.312059853803226e-05,-0.0016277429115356186,-1.2495579842334686e-05,-0.00162726943671293,-0.004208087921142578,-0.007116794586181641,0.008265294490350607,-0.00020414730404850773,-0.478002506932107,-0.0,-0.0,0.008267815257610101,0.021997493067893004,"[""joint_wheel_left"", ""joint_wheel_right""]","[0.0, 0.0]","[-0.030353881418704987, 0.023311123251914978]"
78,3.16,0.04,06_right_turn,4,,False,0.0,-0.5,0.0,-0.5,False,False,-4.971642971038818,-3.76465106010437,-2.099212420603758,-4.971642971038818,-3.76465106010437,-2.1192123500690423,-4.97181510925293,-3.7649312019348145,-2.1183269004742895,-1.2495579842334686e-05,-0.00162726943671293,-1.1454889939179269e-05,-0.0016266940465623956,-0.004303455352783203,-0.0070035457611083984,0.008217965391180616,-0.0001855425306915696,-0.47786199676328467,-0.0,-0.0,0.008220059683562998,0.02213800323671533,"[""joint_wheel_left"", ""joint_wheel_right""]","[0.0, 0.0]","[-0.030100390315055847, 0.02074897289276123]"
79,3.2,0.04,06_right_turn,5,,False,0.0,-0.5,0.0,-0.5,False,False,-4.97181510925293,-3.7649312019348145,-2.1183269004742895,-4.97181510925293,-3.7649312019348145,-2.138326954377759,-4.971991539001465,-3.765209436416626,-2.1374358843631422,-1.1454889939179269e-05,-0.0016266940465623956,-1.0992910797335464e-05,-0.0016262759307299072,-0.004410743713378906,-0.006955862045288086,0.008235149754755585,-0.00014486343548300584,-0.47772459722131844,-0.0,-0.0,0.008236423793017872,0.022275402778681563,"[""joint_wheel_left"", ""joint_wheel_right""]","[0.0, 0.0]","[-0.028855398297309875, 0.017869725823402405]"
80,3.24,0.04,06_right_turn,6,,False,0.0,-0.5,0.0,-0.5,False,False,-4.971991539001465,-3.765209436416626,-2.1374358843631422,-4.971991539001465,-3.765209436416626,-2.157435934126948,-4.972170829772949,-3.7654829025268555,-2.156539038862635,-1.0992910797335464e-05,-0.0016262759307299072,-1.035323888889868e-05,-0.0016258418621551707,-0.004482269287109375,-0.006836652755737305,0.008174231171791158,-0.00011181956363806892,-0.4775788624873156,-0.0,-0.0,0.008174995955026184,0.022421137512684375,"[""joint_wheel_left"", ""joint_wheel_right""]","[0.0, 0.0]","[-0.028108589351177216, 0.0153951495885849]"
81,3.2800000000000002,0.04,06_right_turn,7,,False,0.0,-0.5,0.0,-0.5,False,False,-4.972170829772949,-3.7654829025268555,-2.156539038862635,-4.972170829772949,-3.7654829025268555,-2.1765389984600194,-4.972352981567383,-3.765753984451294,-2.175635432930703,-1.035323888889868e-05,-0.0016258418621551707,-1.0268490415503975e-05,-0.0016255996922712641,-0.004553794860839844,-0.006777048110961914,0.008164747682736605,-4.820798845683134e-05,-0.47740985170170447,-0.0,-0.0,0.00816489000127398,0.02259014829829553,"[""joint_wheel_left"", ""joint_wheel_right""]","[0.0, 0.0]","[-0.027373090386390686, 0.012585625052452087]"
82,3.3200000000000003,0.04,06_right_turn,8,,False,0.0,-0.5,0.0,-0.5,False,False,-4.972352981567383,-3.765753984451294,-2.175635432930703,-4.972352981567383,-3.765753984451294,-2.195635304128756,-4.972540855407715,-3.7660202980041504,-2.1947263866706725,-1.0268490415503975e-05,-0.0016255996922712641,-1.026451414341008e-05,-0.001625074820982118,-0.004696846008300781,-0.006657838821411133,0.0081474618797618,-7.775034024666387e-05,-0.4772738434992374,-0.0,-0.0,0.008147832852825354,0.022726156500762595,"[""joint_wheel_left"", ""joint_wheel_right""]","[0.0, 0.0]","[-0.026484355330467224, 0.010005354881286621]"
83,3.36,0.04,06_right_turn,9,,False,0.0,-0.5,0.0,-0.5,False,False,-4.972540855407715,-3.7660202980041504,-2.1947263866706725,-4.972540855407715,-3.7660202980041504,-2.214726412391712,-4.97273063659668,-3.766284465789795,-2.2138129502456207,-1.026451414341008e-05,-0.001625074820982118,-1.0594972516932045e-05,-0.0016251531083176479,-0.004744529724121094,-0.006604194641113281,0.008131782645130403,7.757134391520645e-06,-0.477164089373705,-0.0,-0.0,0.008131786345003044,0.022835910626294975,"[""joint_wheel_left"", ""joint_wheel_right""]","[0.0, 0.0]","[-0.025335192680358887, 0.007106751203536987]"
84,3.4,0.04,06_right_turn,10,,False,0.0,-0.5,0.0,-0.5,False,False,-4.97273063659668,-3.766284465789795,-2.2138129502456207,-4.97273063659668,-3.766284465789795,-2.2338128625340476,-4.97292423248291,-3.7665445804595947,-2.2328992134516246,-1.0594972516932045e-05,-0.0016251531083176479,-1.0928041831911683e-05,-0.0016249160128937812,-0.004839897155761719,-0.006502866744995117,0.008106245176869089,2.5874968606709112e-05,-0.47715658015009543,-0.0,-0.0,0.008106286472948867,0.022843419849904567,"[""joint_wheel_left"", ""joint_wheel_right""]","[0.0, 0.0]","[-0.024573318660259247, 0.00441153347492218]"
85,3.44,0.04,06_right_turn,11,,False,0.0,-0.5,0.0,-0.5,False,False,-4.97292423248291,-3.7665445804595947,-2.2328992134516246,-4.97292423248291,-3.7665445804595947,-2.2528992085199677,-4.9731221199035645,-3.766800880432129,-2.2519858020056716,-1.0928041831911683e-05,-0.0016249160128937812,-1.1456885859702679e-05,-0.0016242362973866499,-0.004947185516357422,-0.006407499313354492,0.008095016887324469,3.733065531980875e-05,-0.47716471385117476,-0.0,-0.0,0.008095102963143516,0.02283528614882524,"[""joint_wheel_left"", ""joint_wheel_right""]","[0.0, 0.0]","[-0.023990966379642487, 0.001574590802192688]"
86,3.48,0.04,06_right_turn,12,,False,0.0,-0.5,0.0,-0.5,False,False,-4.9731221199035645,-3.766800880432129,-2.2519858020056716,-4.9731221199035645,-3.766800880432129,-2.271985745970628,-4.973323345184326,-3.767052412033081,-2.2710744459754073,-1.1456885859702679e-05,-0.0016242362973866499,-1.1370445837608134e-05,-0.0016235367985922538,-0.005030632019042969,-0.006288290023803711,0.008052773018227693,5.192929225056927e-05,-0.4772160992433938,-0.0,-0.0,0.008052940452684945,0.02278390075660619,"[""joint_wheel_left"", ""joint_wheel_right""]","[0.0, 0.0]","[-0.023189015686511993, -0.0012365281581878662]"
87,3.52,0.04,06_right_turn,13,,False,0.0,-0.5,0.0,-0.5,False,False,-4.973323345184326,-3.767052412033081,-2.2710744459754073,-4.973323345184326,-3.767052412033081,-2.291074511865894,-4.9735283851623535,-3.7672998905181885,-2.290164401477489,-1.1370445837608134e-05,-0.0016235367985922538,-1.1194899201289649e-05,-0.0016238821107719282,-0.005125999450683594,-0.006186962127685547,0.008034290721586915,6.740429397437703e-05,-0.47724888755203976,-0.0,-0.0,0.008034573463341023,0.022751112447960242,"[""joint_wheel_left"", ""joint_wheel_right""]","[0.0, 0.0]","[-0.02268991619348526, -0.003901854157447815]"
88,3.56,0.04,06_right_turn,14,,False,0.0,-0.5,0.0,-0.5,False,False,-4.9735283851623535,-3.7672998905181885,-2.290164401477489,-4.9735283851623535,-3.7672998905181885,-2.3101644778336294,-4.973738670349121,-3.767543077468872,-2.3092563082352426,-1.1194899201289649e-05,-0.0016238821107719282,-1.159618977692147e-05,-0.0016232862328098587,-0.005257129669189453,-0.006079673767089844,0.008037238393071489,5.142456465597779e-05,-0.4772976689438435,-0.0,-0.0,0.008037402905971084,0.02270233105615649,"[""joint_wheel_left"", ""joint_wheel_right""]","[0.0, 0.0]","[-0.022150792181491852, -0.006498254835605621]"
89,3.6,0.04,06_right_turn,15,,False,0.0,-0.5,0.0,-0.5,False,False,-4.973738670349121,-3.767543077468872,-2.3092563082352426,-4.973738670349121,-3.767543077468872,-2.329256314451842,-4.973952770233154,-3.767780065536499,-2.328351844320145,-1.159618977692147e-05,-0.0016232862328098587,-1.1390797859356392e-05,-0.001623339262146439,-0.005352497100830078,-0.005924701690673828,0.00798438569126557,3.0007848662438365e-05,-0.4773884021225583,-0.0,-0.0,0.007984442080563156,0.022611597877441714,"[""joint_wheel_left"", ""joint_wheel_right""]","[0.0, 0.0]","[-0.022055208683013916, -0.00897989422082901]"
90,3.64,0.04,07_forward_left,1,,False,0.5,0.5,0.5,0.5,False,False,-4.973952770233154,-3.767780065536499,-2.328351844320145,-4.987549781799316,-3.782447099685669,-2.3083520457212914,-4.987093448638916,-3.7824065685272217,-2.3079102053890317,-1.1390797859356392e-05,-0.001623339262146439,-3.637437302131728e-05,-0.0016060926564512238,-0.32851696014404297,-0.3656625747680664,0.4914000267584446,0.012590686641104187,0.511040973277832,-0.3399240623121781,-0.36667646755850924,0.011452072234525284,0.011040973277832045,"[""joint_wheel_left"", ""joint_wheel_right""]","[0.0, 0.0]","[-0.01647166907787323, -0.020761877298355103]"
91,3.68,0.04,07_forward_left,2,,False,0.5,0.5,0.5,0.5,False,False,-4.987093448638916,-3.7824065685272217,-2.3079102053890317,-5.000387668609619,-3.7973484992980957,-2.2879104700272137,-4.999882221221924,-3.797394037246704,-2.2871202602822,-3.637437302131728e-05,-0.0016060926564512238,0.00011992207808061606,-0.001603446018120082,-0.3197193145751953,-0.37468671798706055,0.49232292738903416,0.015123224373115252,0.5197486276707908,-0.332358098393361,-0.3735479814325718,0.012689979406715197,0.019748627670790775,"[""joint_wheel_left"", ""joint_wheel_right""]","[0.0, 0.0]","[-0.2019360214471817, 0.10493636131286621]"
92,3.72,0.04,07_forward_left,3,,False,0.5,0.5,0.5,0.5,False,False,-4.999882221221924,-3.797394037246704,-2.2871202602822,-5.0128631591796875,-3.8126091957092285,-2.267120391251871,-5.012231349945068,-3.81274676322937,-2.26603391569624,0.00011992207808061606,-0.001603446018120082,-4.1251324679611615e-05,-0.001547901563408484,-0.3087282180786133,-0.3838181495666504,0.49220113772512974,0.019170931037674005,0.5271586146490037,-0.32452079217100577,-0.3803764654243252,0.016163248008962777,0.02715861464900371,"[""joint_wheel_left"", ""joint_wheel_right""]","[0.0, 0.0]","[-0.021953105926513672, -0.08278495073318481]"
93,3.7600000000000002,0.04,07_forward_left,4,,False,0.5,0.5,0.5,0.5,False,False,-5.012231349945068,-3.81274676322937,-2.26603391569624,-5.024888515472412,-3.8282320499420166,-2.246034117193119,-5.024235725402832,-3.828355073928833,-2.2449403485496835,-4.1251324679611615e-05,-0.001547901563408484,-1.5350943309004893e-05,-0.0016202853488139644,-0.3001093864440918,-0.39020776748657227,0.49188158250395536,0.01950011364347959,0.5273391786639103,-0.31642849351425834,-0.3871343545751229,0.016605996582313966,0.027339178663910335,"[""joint_wheel_left"", ""joint_wheel_right""]","[0.0, 0.0]","[-0.01983034610748291, -0.013647019863128662]"
94,3.8000000000000003,0.04,07_forward_left,5,,False,0.5,0.5,0.5,0.5,False,False,-5.024235725402832,-3.828355073928833,-2.2449403485496835,-5.036563396453857,-3.844104051589966,-2.2249402580039965,-5.035822868347168,-3.8443098068237305,-2.2236939664126556,-1.5350943309004893e-05,-0.0016202853488139644,2.0053433396290596e-05,-0.001623528792268855,-0.28967857360839844,-0.3988683223724365,0.49243822592606856,0.02267616031837269,0.5311595534256974,-0.30819266155113184,-0.393722342985548,0.019215945363201578,0.031159553425697428,"[""joint_wheel_left"", ""joint_wheel_right""]","[0.0, 0.0]","[-0.06363808363676071, -0.02902945876121521]"
95,3.84,0.04,07_forward_left,6,,False,0.5,0.5,0.5,0.5,False,False,-5.035822868347168,-3.8443098068237305,-2.2236939664126556,-5.047813415527344,-3.8603169918060303,-2.2036940649186123,-5.047067642211914,-3.8604981899261475,-2.2024617435112908,2.0053433396290596e-05,-0.001623528792268855,2.535661140332078e-06,-0.0016173434111232184,-0.28111934661865234,-0.4047095775604248,0.49224905041986955,0.02255663035943678,0.530805572534121,-0.29975855771818594,-0.4001809679066622,0.019181462295902476,0.030805572534120973,"[""joint_wheel_left"", ""joint_wheel_right""]","[0.0, 0.0]","[-0.05746270716190338, -0.03668304532766342]"
96,3.88,0.04,07_forward_left,7,,False,0.5,0.5,0.5,0.5,False,False,-5.047067642211914,-3.8604981899261475,-2.2024617435112908,-5.058715343475342,-3.876756429672241,-2.1824617806438633,-5.05797004699707,-3.876936674118042,-2.1813168228953805,2.535661140332078e-06,-0.0016173434111232184,2.4082796383640094e-06,-0.0016229054028606771,-0.27256011962890625,-0.4109621047973633,0.49260892858923755,0.02270052567158115,0.5286230153977557,-0.2911949004572295,-0.4064548313745381,0.01917213003888067,0.02862301539775569,"[""joint_wheel_left"", ""joint_wheel_right""]","[0.0, 0.0]","[-0.060281381011009216, -0.03536663204431534]"
97,3.92,0.04,07_forward_left,8,,False,0.5,0.5,0.5,0.5,False,False,-5.05797004699707,-3.876936674118042,-2.1813168228953805,-5.069271564483643,-3.893437385559082,-2.161316853312604,-5.0685343742370605,-3.8936071395874023,-2.1602313679586556,2.4082796383640094e-06,-0.0016229054028606771,1.8449848283572796e-05,-0.0016227405204837773,-0.26410818099975586,-0.4167616367340088,0.4928851723026644,0.022529981100360447,0.5271363734181245,-0.2825359904296987,-0.41252080445949535,0.018909490177338055,0.02713637341812447,"[""joint_wheel_left"", ""joint_wheel_right""]","[0.0, 0.0]","[-0.07635344564914703, -0.02304884046316147]"
98,3.96,0.04,07_forward_left,9,,False,0.5,0.5,0.5,0.5,False,False,-5.0685343742370605,-3.8936071395874023,-2.1602313679586556,-5.0794854164123535,-3.9103426933288574,-2.1402313733672673,-5.078843116760254,-3.9104557037353516,-2.1393465447957096,1.8449848283572796e-05,-0.0016227405204837773,1.30716511234639e-05,-0.0015989367585045695,-0.257718563079834,-0.42121410369873047,0.49339982920471437,0.01991952437730274,0.5221205790736483,-0.27377564119651715,-0.4183860636869205,0.016304219329782814,0.022120579073648283,"[""joint_wheel_left"", ""joint_wheel_right""]","[0.0, 0.0]","[-0.1630287915468216, -0.06303540617227554]"
99,4.0,0.04,07_forward_left,10,,False,0.5,0.5,0.5,0.5,False,False,-5.078843116760254,-3.9104557037353516,-2.1393465447957096,-5.089442253112793,-3.9274160861968994,-2.1193467757729736,-5.089585304260254,-3.9276678562164307,-2.1196775751996637,1.30716511234639e-05,-0.0015989367585045695,-3.158824111911989e-05,-0.0016286616142609552,-0.2685546875,-0.43030381202697754,0.5072022392600015,0.005373947600337992,0.4917242399011479,-0.26497865245051,-0.4240121622613104,0.007236911181505578,0.008275760098852114,"[""joint_wheel_left"", ""joint_wheel_right""]","[0.0, 0.0]","[0.019535675644874573, -0.04209139943122864]"
100,4.04,0.04,07_forward_left,11,,False,0.5,0.5,0.5,0.5,False,False,-5.089585304260254,-3.9276678562164307,-2.1196775751996637,-5.099848747253418,-3.944833517074585,-2.0996775947243003,-5.099085330963135,-3.9449870586395264,-2.0985306519389377,-3.158824111911989e-05,-0.0016286616142609552,1.7669153080418136e-05,-0.0016256724975195317,-0.23750066757202148,-0.4329800605773926,0.4932910451216505,0.02328614947878227,0.5286730815181495,-0.2565880535750844,-0.4291416674742149,0.01946950348736311,0.028673081518149512,"[""joint_wheel_left"", ""joint_wheel_right""]","[0.0, 0.0]","[-0.07340463995933533, -0.02331037074327469]"
101,4.08,0.04,07_forward_left,12,,False,0.5,0.5,0.5,0.5,False,False,-5.099085330963135,-3.9449870586395264,-2.0985306519389377,-5.108983516693115,-3.9623658657073975,-2.0785307777182522,-5.108303546905518,-3.962477207183838,-2.077633975240526,1.7669153080418136e-05,-0.0016256724975195317,1.8256895260433013e-05,-0.0015981414232859193,-0.2304553985595703,-0.4372537136077881,0.4938175315897092,0.0210890085992316,0.5224169174602888,-0.2474563340592348,-0.4344713600848327,0.01722710942063278,0.022416917460288843,"[""joint_wheel_left"", ""joint_wheel_right""]","[0.0, 0.0]","[-0.0009031742811203003, -0.12427176535129547]"
102,4.12,0.04,07_forward_left,13,,False,0.5,0.5,0.5,0.5,False,False,-5.108303546905518,-3.962477207183838,-2.077633975240526,-5.1178364753723145,-3.9800591468811035,-2.057633894304067,-5.117967128753662,-3.9803266525268555,-2.0580064432662564,1.8256895260433013e-05,-0.0015981414232859193,-3.322858970868797e-05,-0.0016306580319499417,-0.24158954620361328,-0.44623613357543945,0.5074082421413746,0.005391803986182081,0.4906882993567452,-0.23832396070669157,-0.43954714167319453,0.007443565093824571,0.009311700643254817,"[""joint_wheel_left"", ""joint_wheel_right""]","[0.0, 0.0]","[0.02379385381937027, -0.03185856342315674]"
103,4.16,0.04,07_forward_left,14,,False,0.5,0.5,0.5,0.5,False,False,-5.117967128753662,-3.9803266525268555,-2.0580064432662564,-5.127153396606445,-3.9980921745300293,-2.0380066656346876,-5.126409530639648,-3.9982149600982666,-2.0369112154390603,-3.322858970868797e-05,-0.0016306580319499417,3.146844250713595e-06,-0.0015995066680885113,-0.2110600471496582,-0.4472076892852783,0.4939820719504849,0.02286423955000441,0.5273806956799021,-0.22965138455509138,-0.44413988964281237,0.01884274983034517,0.02738069567990209,"[""joint_wheel_left"", ""joint_wheel_right""]","[0.0, 0.0]","[-0.012994080781936646, -0.10602662712335587]"
104,4.2,0.04,07_forward_left,15,,False,0.5,0.5,0.5,0.5,False,False,-5.126409530639648,-3.9982149600982666,-2.0369112154390603,-5.135218620300293,-4.016170501708984,-2.0169113903215776,-5.135340690612793,-4.0164408683776855,-2.017276504893961,3.146844250713595e-06,-0.0015995066680885113,-3.3680426267948466e-05,-0.0016321998738905716,-0.22327899932861328,-0.45564770698547363,0.5073855287696224,0.005316918043155594,0.4908677636274782,-0.22023175074876075,-0.4488852592390796,0.007417305671881309,0.009132236372521807,"[""joint_wheel_left"", ""joint_wheel_right""]","[0.0, 0.0]","[0.0247810035943985, -0.024350792169570923]"
105,4.24,0.04,08_forward_right,1,,False,0.5,-0.5,0.5,-0.5,False,False,-5.135340690612793,-4.0164408683776855,-2.017276504893961,-5.144156455993652,-4.034392833709717,-2.0372764905876597,-5.14385986328125,-4.0343523025512695,-2.0370003392033675,-3.3680426267948466e-05,-0.0016321998738905716,5.852437569737125e-05,-0.0016185889826107003,-0.21297931671142578,-0.4477858543395996,0.4958536068680932,0.0012494996652456791,-0.4930958577351596,-0.2203957091033101,-0.44880478095587295,0.007486059548236971,0.006904142264840374,"[""joint_wheel_left"", ""joint_wheel_right""]","[0.0, 0.0]","[0.18036240339279175, -0.024096272885799408]"
106,4.28,0.04,08_forward_right,2,,False,0.5,-0.5,0.5,-0.5,False,False,-5.14385986328125,-4.0343523025512695,-2.0370003392033675,-5.1530280113220215,-4.052127361297607,-2.057000394902488,-5.153183937072754,-4.052400588989258,-2.05688805821105,5.852437569737125e-05,-0.0016185889826107003,-2.115120492801004e-05,-0.0016057707454074533,-0.23310184478759766,-0.45120716094970703,0.5078337531948112,-0.00540844263607046,-0.4971929751920623,-0.22920441745125036,-0.44437071800562306,0.007869364140121026,0.002807024807937708,"[""joint_wheel_left"", ""joint_wheel_right""]","[0.0, 0.0]","[-0.007202155888080597, 0.0008115917444229126]"
107,4.32,0.04,08_forward_right,3,,False,0.5,-0.5,0.5,-0.5,False,False,-5.153183937072754,-4.052400588989258,-2.05688805821105,-5.162703990936279,-4.0699896812438965,-2.076888118567498,-5.162443161010742,-4.069921493530273,-2.076508815813475,-2.115120492801004e-05,-0.0016057707454074533,3.010671587370035e-05,-0.0016221066949583978,-0.23148059844970703,-0.4380226135253906,0.4954261561869444,-3.44104288692304e-05,-0.4905189400606247,-0.23799602873806833,-0.4397247892772348,0.006734109750565551,0.009481059939375314,"[""joint_wheel_left"", ""joint_wheel_right""]","[0.0, 0.0]","[0.09724283218383789, -0.04843651503324509]"
108,4.36,0.04,08_forward_right,4,,False,0.5,-0.5,0.5,-0.5,False,False,-5.162443161010742,-4.069921493530273,-2.076508815813475,-5.172306060791016,-4.087320327758789,-2.096509072524376,-5.172400951385498,-4.0873517990112305,-2.096994112807691,3.010671587370035e-05,-0.0016221066949583978,-1.0965901227839942e-05,-0.0016119745611576407,-0.24894475936889648,-0.4357576370239258,0.5018101815355495,-0.006689779456164946,-0.5121324248554049,-0.24657739898794692,-0.4349707878792998,0.0024946997313681375,0.012132424855404889,"[""joint_wheel_left"", ""joint_wheel_right""]","[0.0, 0.0]","[-0.017879456281661987, 0.00927838683128357]"
109,4.4,0.04,08_forward_right,5,,False,0.5,-0.5,0.5,-0.5,False,False,-5.172400951385498,-4.0873517990112305,-2.096994112807691,-5.182618141174316,-4.1045451164245605,-2.1169941593267625,-5.182374477386475,-4.104418754577637,-2.1165553153670498,-1.0965901227839942e-05,-0.0016119745611576407,-2.2795506973345213e-05,-0.001619995110359053,-0.24933815002441406,-0.42667388916015625,0.49418458071651994,-0.0013118424783435945,-0.489030063983964,-0.255435545590741,-0.4298286659225516,0.006865191119904309,0.01096993601603602,"[""joint_wheel_left"", ""joint_wheel_right""]","[0.0, 0.0]","[0.0014036893844604492, -0.009811267256736755]"
110,4.44,0.04,08_forward_right,6,,False,0.5,-0.5,0.5,-0.5,False,False,-5.182374477386475,-4.104418754577637,-2.1165553153670498,-5.192926406860352,-4.121408939361572,-2.136555296344901,-5.192694664001465,-4.121245384216309,-2.136312136946778,-2.2795506973345213e-05,-0.001619995110359053,-8.379850530211963e-06,-0.0016044940522141843,-0.25800466537475586,-0.4206657409667969,0.49347883168574724,-0.0021715562055663606,-0.4939205394932088,-0.2637941065432835,-0.42475012578341964,0.007085183721972303,0.006079460506791201,"[""joint_wheel_left"", ""joint_wheel_right""]","[0.0, 0.0]","[-0.0003483891487121582, -0.014661118388175964]"
111,4.48,0.04,08_forward_right,7,,False,0.5,-0.5,0.5,-0.5,False,False,-5.192694664001465,-4.121245384216309,-2.136312136946778,-5.203579902648926,-4.138023853302002,-2.156311990540746,-5.203245162963867,-4.1379289627075195,-2.1556968166771404,-8.379850530211963e-06,-0.0016044940522141843,-6.148872491344056e-05,-0.0016209367063960234,-0.2637624740600586,-0.41708946228027344,0.4934912584487343,0.0008000638819900263,-0.48461699325905716,-0.2721337911135229,-0.4194558376446577,0.008699349491472773,0.01538300674094284,"[""joint_wheel_left"", ""joint_wheel_right""]","[0.0, 0.0]","[0.021582424640655518, -0.02183382213115692]"
112,4.5200000000000005,0.04,08_forward_right,8,,False,0.5,-0.5,0.5,-0.5,False,False,-5.203245162963867,-4.1379289627075195,-2.1556968166771404,-5.21445369720459,-4.1544928550720215,-2.1756967996569574,-5.214148044586182,-4.154364109039307,-2.1752439688376324,-6.148872491344056e-05,-0.0016209367063960234,-6.415013725439257e-05,-0.0016055383655887894,-0.27257204055786133,-0.41087865829467773,0.49306857745849236,-0.00040872847913456245,-0.48867880401229913,-0.2802131712845441,-0.41410213551569464,0.008293231226528676,0.011321195987700872,"[""joint_wheel_left"", ""joint_wheel_right""]","[0.0, 0.0]","[0.02255915105342865, -0.0257127583026886]"
113,4.5600000000000005,0.04,08_forward_right,9,,False,0.5,-0.5,0.5,-0.5,False,False,-5.214148044586182,-4.154364109039307,-2.1752439688376324,-5.225677967071533,-4.170705795288086,-2.1952441134194705,-5.225407123565674,-4.1705827713012695,-2.194759672227323,-6.415013725439257e-05,-0.0016055383655887894,-5.182250109346846e-05,-0.0016224736507331372,-0.2814769744873047,-0.40546655654907227,0.4935899485165925,-0.0011740398955515097,-0.4878925847422666,-0.2882536414904188,-0.40854600495845395,0.007443535327862645,0.0121074152577334,"[""joint_wheel_left"", ""joint_wheel_right""]","[0.0, 0.0]","[0.01995234191417694, -0.028055131435394287]"
114,4.6000000000000005,0.04,08_forward_right,10,,False,0.5,-0.5,0.5,-0.5,False,False,-5.225407123565674,-4.1705827713012695,-2.194759672227323,-5.2372541427612305,-4.186696529388428,-2.2147597383390645,-5.2370100021362305,-4.186546802520752,-2.214404741836968,-5.182250109346846e-05,-0.0016224736507331372,-8.108158987087969e-05,-0.0016089515597540742,-0.290071964263916,-0.39910078048706055,0.49337427597259176,-0.0022363465358336554,-0.49112674024112124,-0.2961713072620211,-0.4028430919783849,0.007155898287890361,0.00887325975887876,"[""joint_wheel_left"", ""joint_wheel_right""]","[0.0, 0.0]","[0.021349787712097168, -0.03325105458498001]"
115,4.64,0.04,08_forward_right,11,,False,0.5,-0.5,0.5,-0.5,False,False,-5.2370100021362305,-4.186546802520752,-2.214404741836968,-5.249171257019043,-4.2024245262146,-2.234404752091019,-5.2489824295043945,-4.202266693115234,-2.23410423311904,-8.108158987087969e-05,-0.0016089515597540742,-0.00014847212421766978,-0.0016322946319632724,-0.29931068420410156,-0.39299726486206055,0.49398461125611515,-0.003597180831264424,-0.49248728205180115,-0.30402753014847383,-0.3969474283980422,0.006152432659033355,0.007512717948198855,"[""joint_wheel_left"", ""joint_wheel_right""]","[0.0, 0.0]","[0.034207604825496674, -0.22694897651672363]"
116,4.68,0.04,08_forward_right,12,,False,0.5,-0.5,0.5,-0.5,False,False,-5.2489824295043945,-4.202266693115234,-2.23410423311904,-5.261454105377197,-4.217902183532715,-2.254104111634815,-5.261517524719238,-4.217923164367676,-2.254651673434372,-0.00014847212421766978,-0.0016322946319632724,-2.39000035902097e-05,-0.001596008901614653,-0.31337738037109375,-0.39141178131103516,0.5013715654363793,-0.0059260821122588125,-0.5136860078832961,-0.31178769673326545,-0.39088160888658513,0.0016757615785147457,0.013686007883296103,"[""joint_wheel_left"", ""joint_wheel_right""]","[0.0, 0.0]","[0.009007170796394348, -0.0164574533700943]"
117,4.72,0.04,08_forward_right,13,,False,0.5,-0.5,0.5,-0.5,False,False,-5.261517524719238,-4.217923164367676,-2.254651673434372,-5.274307727813721,-4.2332987785339355,-2.2746517631468635,-5.274144172668457,-4.23311710357666,-2.2743287178495653,-2.39000035902097e-05,-0.001596008901614653,-2.4019878972980597e-05,-0.0016224999228327166,-0.31566619873046875,-0.3798484802246094,0.4938703225195994,-0.004703348198482449,-0.4919261103798367,-0.31975293247291353,-0.3843931089067186,0.006111877169895212,0.00807388962016331,"[""joint_wheel_left"", ""joint_wheel_right""]","[0.0, 0.0]","[-0.012379109859466553, -0.020858541131019592]"
118,4.76,0.04,08_forward_right,14,,False,0.5,-0.5,0.5,-0.5,False,False,-5.274144172668457,-4.23311710357666,-2.2743287178495653,-5.287234306335449,-4.2482380867004395,-2.294328701487507,-5.287013530731201,-4.248029708862305,-2.2939793253306053,-2.4019878972980597e-05,-0.0016224999228327166,-4.056252839171514e-05,-0.001607559084138921,-0.3217339515686035,-0.3728151321411133,0.49242921791094363,-0.004162174066594304,-0.4912651870260021,-0.3272542647202024,-0.3780273088315706,0.007592143514466935,0.008734812973997919,"[""joint_wheel_left"", ""joint_wheel_right""]","[0.0, 0.0]","[-0.006329700350761414, -0.04312659054994583]"
119,4.8,0.04,08_forward_right,15,,False,0.5,-0.5,0.5,-0.5,False,False,-5.287013530731201,-4.248029708862305,-2.2939793253306053,-5.300398349761963,-4.262890815734863,-2.3139794205929536,-5.300144195556641,-4.262688159942627,-2.3134910521153915,-4.056252839171514e-05,-0.001607559084138921,-6.836973149009036e-06,-0.0016415759317144605,-0.32826662063598633,-0.36646127700805664,0.49197557781990553,-0.003587840425139488,-0.4877931696196547,-0.3346190709224307,-0.3715239930004646,0.008123097799579346,0.012206830380345313,"[""joint_wheel_left"", ""joint_wheel_right""]","[0.0, 0.0]","[0.05159018933773041, -0.04729197174310684]"
120,4.84,0.04,09_continuous_variable,1,,False,0.1,0.0,0.10000000149011612,0.0,False,False,-5.300144195556641,-4.262688159942627,-2.3134910521153915,-5.302849292755127,-4.265634536743164,-2.313491074864545,-5.302972793579102,-4.265778064727783,-2.3136329722304123,-6.836973149009036e-06,-0.0016415759317144605,-2.3599039904715524e-05,-0.0016377030133968896,-0.07071495056152344,-0.07724761962890625,0.1047271545271363,0.0001485796089765526,-0.003548002875519707,-0.06762754410362828,-0.07366488699872577,0.004729487470711034,0.003548002875519707,"[""joint_wheel_left"", ""joint_wheel_right""]","[0.0, 0.0]","[-0.015333250164985657, -0.03627346456050873]"
121,4.88,0.04,09_continuous_variable,2,,False,0.3,0.2,0.30000001192092896,0.20000000298023224,False,False,-5.302972793579102,-4.265778064727783,-2.3136329722304123,-5.31105375289917,-4.274649143218994,-2.3056331317731447,-5.310998439788818,-4.2746124267578125,-2.3058308819097335,-2.3599039904715524e-05,-0.0016377030133968896,-3.2689099721860454e-05,-0.0016326642008049079,-0.20064115524291992,-0.22085905075073242,0.29838402714232753,0.001601818358875129,0.19505225801697,-0.2020285144441427,-0.22177575725053977,0.0016628639030319093,0.004947744963262252,"[""joint_wheel_left"", ""joint_wheel_right""]","[0.0, 0.0]","[-0.02384253591299057, -0.039333194494247437]"
122,4.92,0.04,09_continuous_variable,3,,False,0.6,0.4,0.6000000238418579,0.4000000059604645,False,False,-5.310998439788818,-4.2746124267578125,-2.3058308819097335,-5.3269500732421875,-4.292543888092041,-2.2898308875914943,-5.326400279998779,-4.292496204376221,-2.289185143547188,-3.2689099721860454e-05,-0.0016326642008049079,-4.386991643630271e-06,-0.0016153764335084708,-0.38504600524902344,-0.4470944404602051,0.589874820824418,0.014197204161934207,0.4161434590636336,-0.39879417525983885,-0.4482892307306244,0.013799989218712193,0.016143453103169114,"[""joint_wheel_left"", ""joint_wheel_right""]","[0.0, 0.0]","[-0.02645658329129219, -0.0419229120016098]"
123,4.96,0.04,09_continuous_variable,4,,False,1.0,0.5,1.0,0.5,False,False,-5.326400279998779,-4.292496204376221,-2.289185143547188,-5.352424621582031,-4.322872638702393,-2.269185089815062,-5.351808547973633,-4.32289457321167,-2.268436231223694,-4.386991643630271e-06,-0.0016153764335084708,-1.2538903102035518e-05,-0.001620503742221847,-0.6352066993713379,-0.7599592208862305,0.9902239209244815,0.021958022797641752,0.5187228080873575,-0.6506110655486859,-0.7594111148683588,0.015414114231205417,0.01872280808735749,"[""joint_wheel_left"", ""joint_wheel_right""]","[0.0, 0.0]","[-0.0075779445469379425, -0.04659023880958557]"
124,5.0,0.04,09_continuous_variable,5,,False,0.7,0.0,0.699999988079071,0.0,False,False,-5.351808547973633,-4.32289457321167,-2.268436231223694,-5.369796276092529,-4.344352722167969,-2.2684361322144624,-5.369229793548584,-4.3443450927734375,-2.2678240958644826,-1.2538903102035518e-05,-0.001620503742221847,-1.1288036150548937e-05,-0.0016231280866073295,-0.4355311393737793,-0.5362629890441895,0.6907606620036117,0.010727283494100515,0.01530338398028075,-0.44968754820673856,-0.5364523206199333,0.014157674861765288,0.01530338398028075,"[""joint_wheel_left"", ""joint_wheel_right""]","[0.0, 0.0]","[-0.004962742328643799, -0.033676594495773315]"
125,5.04,0.04,09_continuous_variable,6,,False,0.4,-0.3,0.4000000059604645,-0.30000001192092896,False,False,-5.369229793548584,-4.3443450927734375,-2.2678240958644826,-5.379574298858643,-4.356551170349121,-2.2798242713285757,-5.379546165466309,-4.356314659118652,-2.27981250587056,-1.1288036150548937e-05,-0.0016231280866073295,-1.8248878414140923e-06,-0.0016312549498107066,-0.25790929794311523,-0.2992391586303711,0.39500538950944974,-0.0056588233592180515,-0.29971025015193,-0.2586122024557829,-0.30515526131682663,0.005957713130943369,0.0002897617689989751,"[""joint_wheel_left"", ""joint_wheel_right""]","[0.0, 0.0]","[-0.034885257482528687, -0.017724141478538513]"
126,5.08,0.04,09_continuous_variable,7,,False,0.8,-0.5,0.800000011920929,-0.5,False,False,-5.379546165466309,-4.356314659118652,-2.27981250587056,-5.400622844696045,-4.380393028259277,-2.299812482443347,-5.400304317474365,-4.380235195159912,-2.2997019055564647,-1.8248878414140923e-06,-0.0016312549498107066,3.928933448867529e-06,-0.00162287467692642,-0.518953800201416,-0.5980134010314941,0.7917781052765976,-0.0045284170906531584,-0.4972349921476216,-0.5269157764700952,-0.6019632742787578,0.008887888656619224,0.002765007852378376,"[""joint_wheel_left"", ""joint_wheel_right""]","[0.0, 0.0]","[-0.018838007003068924, -0.029380202293395996]"
127,5.12,0.04,09_continuous_variable,8,,False,0.2,-0.5,0.20000000298023224,-0.5,False,False,-5.400304317474365,-4.380235195159912,-2.2997019055564647,-5.405692100524902,-4.386148929595947,-2.319701903829166,-5.405772686004639,-4.386150360107422,-2.319363027999181,3.928933448867529e-06,-0.00162287467692642,-1.6733489414051065e-05,-0.001581622279940471,-0.13670921325683594,-0.14787912368774414,0.2013592766133231,-0.0034764829522685586,-0.4915280610679029,-0.13469586446674792,-0.1478412164710788,0.0020137056159290536,0.008471938932097078,"[""joint_wheel_left"", ""joint_wheel_right""]","[0.0, 0.0]","[-0.09120497107505798, -0.07961852848529816]"
128,5.16,0.04,09_continuous_variable,9,,False,0.5,0.0,0.5,0.0,False,False,-5.405772686004639,-4.386150360107422,-2.319363027999181,-5.419384479522705,-4.400803565979004,-2.319363163270728,-5.4196062088012695,-4.401026725769043,-2.319371982076783,-1.6733489414051065e-05,-0.001581622279940471,-1.9752173151726088e-05,-0.0016348695137699447,-0.3458380699157715,-0.37190914154052734,0.5078585525113217,-0.000266093184949745,-0.0002238519400510341,-0.3402946657235976,-0.3663325544912231,0.007863056222378078,0.0002238519400510341,"[""joint_wheel_left"", ""joint_wheel_right""]","[0.0, 0.0]","[-0.014052078127861023, -0.03401653468608856]"
129,5.2,0.04,09_continuous_variable,10,,False,0.9,0.3,0.8999999761581421,0.30000001192092896,False,False,-5.4196062088012695,-4.401026725769043,-2.319371982076783,-5.443948745727539,-4.427548885345459,-2.3073720527109427,-5.44349479675293,-4.427450656890869,-2.3069799561922637,-1.9752173151726088e-05,-0.0016348695137699447,-1.2225703145986213e-06,-0.001624841846181821,-0.5972146987915039,-0.6605982780456543,0.8904551541360779,0.012045741239298302,0.30980064711297883,-0.6085689257417438,-0.6630564227169481,0.011617269251530858,0.009800635192049878,"[""joint_wheel_left"", ""joint_wheel_right""]","[0.0, 0.0]","[-0.023565419018268585, -0.02813147008419037]"
130,5.24,0.04,09_continuous_variable,11,,False,0.3,0.5,0.30000001192092896,0.5,False,False,-5.44349479675293,-4.427450656890869,-2.3069799561922637,-5.451463222503662,-4.436423301696777,-2.2869800977114623,-5.451291561126709,-4.436471939086914,-2.286845086407444,-1.2225703145986213e-06,-0.001624841846181821,-0.0001675009891713305,-0.0016427395893259989,-0.19491910934448242,-0.22553205490112305,0.2980087950034114,0.006994646251539921,0.5033717446204955,-0.19920628507285368,-0.2243142062822381,0.004456796044745099,0.003371744620495498,"[""joint_wheel_left"", ""joint_wheel_right""]","[0.0, 0.0]","[-0.018842577934265137, -0.251079797744751]"
131,5.28,0.04,09_continuous_variable,12,,False,0.6,-0.2,0.6000000238418579,-0.20000000298023224,False,False,-5.451291561126709,-4.436471939086914,-2.286845086407444,-5.467117786407471,-4.454514503479004,-2.2948450969496297,-5.4670634269714355,-4.454488277435303,-2.295555520108937,-0.0001675009891713305,-0.0016427395893259989,-4.160654888722407e-05,-0.001639350338824917,-0.39429664611816406,-0.4504084587097168,0.5986103561295634,-0.0018073051022527986,-0.217760842537329,-0.3956528131149225,-0.4510641640437403,0.0015063659609018214,0.017760839557096758,"[""joint_wheel_left"", ""joint_wheel_right""]","[0.0, 0.0]","[-0.015529170632362366, -0.0423603430390358]"
132,5.32,0.04,09_continuous_variable,13,,False,0.1,-0.4,0.10000000149011612,-0.4000000059604645,False,False,-5.4670634269714355,-4.454488277435303,-2.295555520108937,-5.469738960266113,-4.457461833953857,-2.311555618993732,-5.469841480255127,-4.4575700759887695,-2.3109514395810766,-4.160654888722407e-05,-0.001639350338824917,-2.499959420190265e-05,-0.0016308185325184452,-0.06945133209228516,-0.07704496383666992,0.10372353269139739,-0.0009180130735825798,-0.3848979868034897,-0.06689231841929949,-0.07433315568785086,0.0037285995245573194,0.015102019156974789,"[""joint_wheel_left"", ""joint_wheel_right""]","[0.0, 0.0]","[-0.02141466736793518, -0.03863971680402756]"
133,5.36,0.04,09_continuous_variable,14,,False,0.5,0.5,0.5,0.5,False,False,-5.469841480255127,-4.4575700759887695,-2.3109514395810766,-5.483180999755859,-4.472471714019775,-2.2909514649991305,-5.482638835906982,-4.472509384155273,-2.2902292832596425,-2.499959420190265e-05,-0.0016308185325184452,0.00010431712524079772,-0.0016143471040947753,-0.3199338912963867,-0.37348270416259766,0.4915303680733422,0.015649995857486443,0.5180539080358537,-0.3334926065292692,-0.37253547668687076,0.013591762161587865,0.018053908035853716,"[""joint_wheel_left"", ""joint_wheel_right""]","[0.0, 0.0]","[-0.20221072435379028, 0.03925922513008118]"
134,5.4,0.04,09_continuous_variable,15,,False,0.0,0.0,0.0,0.0,False,False,-5.482638835906982,-4.472509384155273,-2.2902292832596425,-5.482638835906982,-4.472509384155273,-2.2902292832596425,-5.482589244842529,-4.472479343414307,-2.2903494613244613,0.00010431712524079772,-0.0016143471040947753,-2.59790763930745e-05,-0.0016337085240640285,0.001239776611328125,0.0007510185241699219,-0.0013818617819153782,0.0004376447021549238,-0.0030044516204696947,-0.0,-0.0,0.0014495084924354932,0.0030044516204696947,"[""joint_wheel_left"", ""joint_wheel_right""]","[0.0, 0.0]","[-0.016884885728359222, -0.054633378982543945]"
135,5.44,0.04,10_final_stop,1,,False,0.0,0.0,0.0,0.0,False,False,-5.482589244842529,-4.472479343414307,-2.2903494613244613,-5.482589244842529,-4.472479343414307,-2.2903494613244613,-5.482565879821777,-4.472454071044922,-2.290280535548184,-2.59790763930745e-05,-0.0016337085240640285,-2.442464639669359e-05,-0.0016375839907393954,0.0005841255187988281,0.0006318092346191406,-0.0008601510560817492,2.292796073522375e-05,0.0017231444069287782,-0.0,-0.0,0.0008604565826710981,0.0017231444069287782,"[""joint_wheel_left"", ""joint_wheel_right""]","[0.0, 0.0]","[-0.018396005034446716, -0.035447075963020325]"
136,5.48,0.04,10_final_stop,2,,False,0.0,0.0,0.0,0.0,False,False,-5.482565879821777,-4.472454071044922,-2.290280535548184,-5.482565879821777,-4.472454071044922,-2.290280535548184,-5.482549667358398,-4.472433567047119,-2.29029485400816,-2.442464639669359e-05,-0.0016375839907393954,-2.461408089349024e-05,-0.0016360129277165514,0.00040531158447265625,0.0005125999450683594,-0.0006526489029183239,-3.29483491442023e-05,-0.00035796149939759653,-0.0,-0.0,0.0006534800564606545,0.00035796149939759653,"[""joint_wheel_left"", ""joint_wheel_right""]","[0.0, 0.0]","[-0.011880621314048767, -0.03652065992355347]"
137,5.5200000000000005,0.04,10_final_stop,3,,False,0.0,0.0,0.0,0.0,False,False,-5.482549667358398,-4.472433567047119,-2.29029485400816,-5.482549667358398,-4.472433567047119,-2.29029485400816,-5.482537269592285,-4.472419738769531,-2.290282154630839,-2.461408089349024e-05,-0.0016360129277165514,-2.4838635022316735e-05,-0.0016360625380351815,0.00030994415283203125,0.0003457069396972656,-0.0004642742836114146,5.296754357354046e-06,0.0003174844330211534,-0.0,-0.0,0.0004643044971025097,0.0003174844330211534,"[""joint_wheel_left"", ""joint_wheel_right""]","[0.0, 0.0]","[-0.009621120989322662, -0.0322306752204895]"
138,5.5600000000000005,0.04,10_final_stop,4,,False,0.0,0.0,0.0,0.0,False,False,-5.482537269592285,-4.472419738769531,-2.290282154630839,-5.482537269592285,-4.472419738769531,-2.290282154630839,-5.482528209686279,-4.472409725189209,-2.290280438944744,-2.4838635022316735e-05,-0.0016360625380351815,-2.4759930383189874e-05,-0.0016355600566805618,0.00022649765014648438,0.0002503395080566406,-0.0003375530305448342,5.385757692125516e-06,4.2892152374296444e-05,-0.0,-0.0,0.00033759599348321664,4.2892152374296444e-05,"[""joint_wheel_left"", ""joint_wheel_right""]","[0.0, 0.0]","[-0.007222197949886322, -0.030960895121097565]"
139,5.6000000000000005,0.04,10_final_stop,5,,False,0.0,0.0,0.0,0.0,False,False,-5.482528209686279,-4.472409725189209,-2.290280438944744,-5.482528209686279,-4.472409725189209,-2.290280438944744,-5.482522010803223,-4.472403526306152,-2.2902754236788874,-2.4759930383189874e-05,-0.0016355600566805618,-2.4445052991433135e-05,-0.0016354398473625612,0.00015497207641601562,0.00015497207641601562,-0.00021868768867906377,1.443550337160615e-05,0.00012538164642084126,-0.0,-0.0,0.00021916361225664897,0.00012538164642084126,"[""joint_wheel_left"", ""joint_wheel_right""]","[0.0, 0.0]","[-0.0057886093854904175, -0.029475823044776917]"
140,5.64,0.04,10_final_stop,6,,False,0.0,0.0,0.0,0.0,False,False,-5.482522010803223,-4.472403526306152,-2.2902754236788874,-5.482522010803223,-4.472403526306152,-2.2902754236788874,-5.482517719268799,-4.472398281097412,-2.290275769255646,-2.4445052991433135e-05,-0.0016354398473625612,-2.448046168962545e-05,-0.0016355638472635322,0.00010728836059570312,0.00013113021850585938,-0.0001693317509948143,-5.7170472919382145e-06,-8.639418969114132e-06,-0.0,-0.0,0.00016942823414268368,8.639418969114132e-06,"[""joint_wheel_left"", ""joint_wheel_right""]","[0.0, 0.0]","[-0.004378676414489746, -0.02873048186302185]"
141,5.68,0.04,10_final_stop,7,,False,0.0,0.0,0.0,0.0,False,False,-5.482517719268799,-4.472398281097412,-2.290275769255646,-5.482517719268799,-4.472398281097412,-2.290275769255646,-5.48251485824585,-4.4723944664001465,-2.29027545920625,-2.448046168962545e-05,-0.0016355638472635322,-2.460421730686071e-05,-0.001635244042977827,7.152557373046875e-05,9.5367431640625e-05,-0.00011886537488050242,-9.048611480201182e-06,7.751234898378812e-06,-0.0,-0.0,0.00011920928955078125,7.751234898378812e-06,"[""joint_wheel_left"", ""joint_wheel_right""]","[0.0, 0.0]","[-0.003753088414669037, -0.027815796434879303]"
142,5.72,0.04,10_final_stop,8,,False,0.0,0.0,0.0,0.0,False,False,-5.48251485824585,-4.4723944664001465,-2.29027545920625,-5.48251485824585,-4.4723944664001465,-2.29027545920625,-5.482513427734375,-4.472393035888672,-2.290273982369897,-2.460421730686071e-05,-0.001635244042977827,-2.4167181101971053e-05,-0.0016353178588194015,3.5762786865234375e-05,3.5762786865234375e-05,-5.0466373105689344e-05,3.331521318214301e-06,3.6920908830229144e-05,-0.0,-0.0,5.057621821307284e-05,3.6920908830229144e-05,"[""joint_wheel_left"", ""joint_wheel_right""]","[0.0, 0.0]","[-0.0030849874019622803, -0.02772343158721924]"
143,5.76,0.04,10_final_stop,9,,False,0.0,0.0,0.0,0.0,False,False,-5.482513427734375,-4.472393035888672,-2.290273982369897,-5.482513427734375,-4.472393035888672,-2.290273982369897,-5.4825119972229,-4.472390174865723,-2.290272516718483,-2.4167181101971053e-05,-0.0016353178588194015,-2.4581604787345754e-05,-0.0016348329799046948,3.5762786865234375e-05,7.152557373046875e-05,-7.736535020267632e-05,-2.0235790319583623e-05,3.6641285350302866e-05,-0.0,-0.0,7.996802249550068e-05,3.6641285350302866e-05,"[""joint_wheel_left"", ""joint_wheel_right""]","[0.0, 0.0]","[-0.0030372068285942078, -0.02708965539932251]"
144,5.8,0.04,10_final_stop,10,,False,0.0,0.0,0.0,0.0,False,False,-5.4825119972229,-4.472390174865723,-2.290272516718483,-5.4825119972229,-4.472390174865723,-2.290272516718483,-5.482510089874268,-4.472389221191406,-2.2902727789540602,-2.4581604787345754e-05,-0.0016348329799046948,-2.4267205432478293e-05,-0.0016351786456799376,4.76837158203125e-05,2.384185791015625e-05,-4.9355806697548345e-05,2.015379091572211e-05,-6.555889431325568e-06,-0.0,-0.0,5.331201499700045e-05,6.555889431325568e-06,"[""joint_wheel_left"", ""joint_wheel_right""]","[0.0, 0.0]","[-0.0025506094098091125, -0.027003854513168335]"
145,5.84,0.04,10_final_stop,11,,False,0.0,0.0,0.0,0.0,False,False,-5.482510089874268,-4.472389221191406,-2.2902727789540602,-5.482510089874268,-4.472389221191406,-2.2902727789540602,-5.482509613037109,-4.472388744354248,-2.2902696697720883,-2.4267205432478293e-05,-0.0016351786456799376,-2.4638312946736894e-05,-0.0016352358226352144,1.1920928955078125e-05,1.1920928955078125e-05,-1.6822121392063586e-05,1.1105521936031253e-06,7.772954929707865e-05,-0.0,-0.0,1.6858739404357613e-05,7.772954929707865e-05,"[""joint_wheel_left"", ""joint_wheel_right""]","[0.0, 0.0]","[-0.002193860709667206, -0.027125701308250427]"
146,5.88,0.04,10_final_stop,12,,False,0.0,0.0,0.0,0.0,False,False,-5.482509613037109,-4.472388744354248,-2.2902696697720883,-5.482509613037109,-4.472388744354248,-2.2902696697720883,-5.482510089874268,-4.4723896980285645,-2.2902720639680942,-2.4638312946736894e-05,-0.0016352358226352144,-2.464737577068419e-05,-0.0016350895107233117,-1.1920928955078125e-05,-2.384185791015625e-05,2.578847915692729e-05,6.7451522245852326e-06,-5.985490014737138e-05,-0.0,-0.0,2.6656007498500224e-05,5.985490014737138e-05,"[""joint_wheel_left"", ""joint_wheel_right""]","[0.0, 0.0]","[-0.0020955801010131836, -0.02718988060951233]"
147,5.92,0.04,10_final_stop,13,,False,0.0,0.0,0.0,0.0,False,False,-5.482510089874268,-4.4723896980285645,-2.2902720639680942,-5.482510089874268,-4.4723896980285645,-2.2902720639680942,-5.482510089874268,-4.4723896980285645,-2.29026914498423,-2.464737577068419e-05,-0.0016350895107233117,-2.4960278394651707e-05,-0.0016350213190407495,0.0,0.0,-0.0,0.0,7.297459660993155e-05,-0.0,-0.0,0.0,7.297459660993155e-05,"[""joint_wheel_left"", ""joint_wheel_right""]","[0.0, 0.0]","[-0.002226114273071289, -0.02696632593870163]"
148,5.96,0.04,10_final_stop,14,,False,0.0,0.0,0.0,0.0,False,False,-5.482510089874268,-4.4723896980285645,-2.29026914498423,-5.482510089874268,-4.4723896980285645,-2.29026914498423,-5.482509613037109,-4.47238826751709,-2.290272266337952,-2.4960278394651707e-05,-0.0016350213190407495,-2.4692671427905838e-05,-0.0016350431470083188,1.1920928955078125e-05,3.5762786865234375e-05,-3.47548480371561e-05,-1.4600890706884518e-05,-7.803384305393735e-05,-0.0,-0.0,3.769728732309794e-05,7.803384305393735e-05,"[""joint_wheel_left"", ""joint_wheel_right""]","[0.0, 0.0]","[-0.002046525478363037, -0.027082175016403198]"
149,6.0,0.04,10_final_stop,15,,False,0.0,0.0,0.0,0.0,False,False,-5.482509613037109,-4.47238826751709,-2.290272266337952,-5.482509613037109,-4.47238826751709,-2.290272266337952,-5.482509136199951,-4.472387790679932,-2.2902701820576548,-2.4692671427905838e-05,-0.0016350431470083188,-2.4375836357668552e-05,-0.0016350417827818296,1.1920928955078125e-05,1.1920928955078125e-05,-1.6822120822774436e-05,1.1105608168933785e-06,5.210700743107921e-05,-0.0,-0.0,1.6858739404357613e-05,5.210700743107921e-05,"[""joint_wheel_left"", ""joint_wheel_right""]","[0.0, 0.0]","[-0.002277277410030365, -0.026582174003124237]"
150,6.04,0.04,11_history_robot7_replay,1,1,True,0.999726414680481,0.9208753705024719,0.999726414680481,0.9208753705024719,False,False,8.274999618530273,13.52500057220459,-2.9034469223176154,8.236319541931152,13.514853477478027,-2.8666119823058525,8.236007690429688,13.514768600463867,-2.866550904047348,0.0,0.0,-2.4278577618557067e-05,-0.001599633867612487,-0.9747982025146484,-0.2557992935180664,1.0076298743632655,0.018623922272211407,0.922400456756689,-0.9670031634540784,-0.2536883640999206,0.008075806892453859,0.0015250862542171006,"[""joint_wheel_left"", ""joint_wheel_right""]","[0.0, 0.0]","[-0.006920240819454193, -0.03328537940979004]"
151,6.08,0.04,11_history_robot7_replay,2,2,False,0.9996181726455688,0.9520081281661987,0.9996181726455688,0.9520081281661987,False,False,8.236007690429688,13.514768600463867,-2.866550904047348,8.197739601135254,13.503178596496582,-2.8284707186587226,8.198409080505371,13.503565788269043,-2.8280578039190027,-2.4278577618557067e-05,-0.001599633867612487,-5.60974780027141e-05,-0.0016030960450490995,-0.9399652481079102,-0.28007030487060547,0.9806990693426163,0.014261090821016564,0.9623275032086265,-0.9567032287871426,-0.28975062227978465,0.01933568055075429,0.010319375042427748,"[""joint_wheel_left"", ""joint_wheel_right""]","[0.0, 0.0]","[-0.10132831335067749, -0.19607201218605042]"
152,6.12,0.04,11_history_robot7_replay,3,3,False,0.9997605085372925,0.9382973909378052,0.9997605085372925,0.9382973909378052,False,False,8.198409080505371,13.503565788269043,-2.8280578039190027,8.160606384277344,13.490520477294922,-2.7905259396548985,8.161343574523926,13.491042137145996,-2.789799170114189,-5.60974780027141e-05,-0.0016030960450490995,7.25693375387044e-05,-0.0015935742912154215,-0.9266376495361328,-0.3130912780761719,0.9780279786107938,0.012031417194341532,0.9564658451203468,-0.9450678928730167,-0.32614069401303164,0.022582318874507196,0.01816845418254165,"[""joint_wheel_left"", ""joint_wheel_right""]","[0.0, 0.0]","[-0.10571617633104324, -0.16920876502990723]"
153,6.16,0.04,11_history_robot7_replay,4,4,False,0.9991130828857422,0.9546538591384888,0.9991130828857422,0.9546538591384888,False,False,8.161343574523926,13.491042137145996,-2.789799170114189,8.124095916748047,13.476557731628418,-2.7516131337299616,8.124547958374023,13.476539611816406,-2.750287433385706,7.25693375387044e-05,-0.0015935742912154215,-3.831897227229535e-05,-0.0016459385504054831,-0.9198904037475586,-0.3625631332397461,0.9884855702232505,0.023380717522858696,0.9877934182120685,-0.9311797728190617,-0.362120398605343,0.01129804708740017,0.03313955907357968,"[""joint_wheel_left"", ""joint_wheel_right""]","[0.0, 0.0]","[0.2249859720468521, 0.028818324208259583]"
154,6.2,0.04,11_history_robot7_replay,5,5,False,0.9997689723968506,0.9341537356376648,0.9997689723968506,0.9341537356376648,False,False,8.124547958374023,13.476539611816406,-2.750287433385706,8.087871551513672,13.460598945617676,-2.7129213581076628,8.087882995605469,13.460659980773926,-2.712303984366724,-3.831897227229535e-05,-0.0016459385504054831,0.0003920320286120113,-0.0017916950068260727,-0.9166240692138672,-0.3969907760620117,0.9987487445835026,0.017386941461464633,0.9495862254745524,-0.916913607205713,-0.3985065057040627,0.001543135961772046,0.015432489836887608,"[""joint_wheel_left"", ""joint_wheel_right""]","[0.0, 0.0]","[-0.020459009334445, -0.21466434001922607]"
155,6.24,0.04,11_history_robot7_replay,6,6,False,0.9997475743293762,0.9242562055587769,0.9997475743293762,0.9242562055587769,False,False,8.087882995605469,13.460659980773926,-2.712303984366724,8.051836013793945,13.44334602355957,-2.6753339678125316,8.051575660705566,13.44322395324707,-2.6752239415151595,0.0003920320286120113,-0.0017916950068260727,-2.149836851112485e-05,-0.001613872795707564,-0.9076833724975586,-0.4359006881713867,1.00675442757883,0.018548240004173988,0.927001071289113,-0.9011856535891465,-0.43285058639509155,0.007177985222783284,0.0027448657303361657,"[""joint_wheel_left"", ""joint_wheel_right""]","[0.0, 0.0]","[-0.030740313231945038, -0.010920889675617218]"
156,6.28,0.04,11_history_robot7_replay,7,7,False,0.9997354745864868,0.9387379884719849,0.9997354745864868,0.9387379884719849,False,False,8.051575660705566,13.44322395324707,-2.6752239415151595,8.01620101928711,13.424575805664062,-2.637674511870589,8.016636848449707,13.424726486206055,-2.635867320835303,-2.149836851112485e-05,-0.001613872795707564,-0.0002924925732172732,-0.0016376680343358624,-0.8734703063964844,-0.4624366760253906,0.9881224561643702,0.020299436284603123,0.9839155169964142,-0.884374050919742,-0.46621192306340004,0.01153880993978447,0.045177528524429356,"[""joint_wheel_left"", ""joint_wheel_right""]","[0.0, 0.0]","[0.12048548460006714, -0.11833860725164413]"
157,6.32,0.04,11_history_robot7_replay,8,8,False,0.9997684955596924,0.9314261078834534,0.9997684955596924,0.9314261078834534,False,False,8.016636848449707,13.424726486206055,-2.635867320835303,7.982018947601318,13.404705047607422,-2.5986105786796996,7.98175573348999,13.40455150604248,-2.5990686357659443,-0.0002924925732172732,-0.0016376680343358624,-3.1600933514261466e-05,-0.0015866748952682909,-0.8720278739929199,-0.5043745040893555,1.0072105691783109,0.018791560113474548,0.9199671267339671,-0.8654472160163252,-0.50053787169732,0.007617401624998843,0.011458981149486291,"[""joint_wheel_left"", ""joint_wheel_right""]","[0.0, 0.0]","[0.013885416090488434, -0.04909181594848633]"
158,6.36,0.04,11_history_robot7_replay,9,9,False,0.9997309446334839,0.9324153065681458,0.9997309446334839,0.9324153065681458,False,False,7.98175573348999,13.40455150604248,-2.5990686357659443,7.947899341583252,13.383270263671875,-2.5617720921413683,7.948443412780762,13.383343696594238,-2.5606308733032903,-3.1600933514261466e-05,-0.0015866748952682909,-4.3189540280660044e-05,-0.0016007982998161767,-0.8328080177307129,-0.5301952362060547,0.9869630560930922,0.02408544787911099,0.9609440615663489,-0.8464040158108225,-0.5320359044999416,0.01372003001317651,0.028528754998203176,"[""joint_wheel_left"", ""joint_wheel_right""]","[0.0, 0.0]","[-0.06365497410297394, -0.11787686496973038]"
159,6.4,0.04,11_history_robot7_replay,10,10,False,0.9997490048408508,0.937146008014679,0.9997490048408508,0.937146008014679,False,False,7.948443412780762,13.383343696594238,-2.5606308733032903,7.915431499481201,13.360773086547852,-2.5231449670060138,7.916696071624756,13.36166763305664,-2.5226235074047016,-4.3189540280660044e-05,-0.0016007982998161767,-1.3484839423238625e-05,-0.0015479698096145104,-0.7936835289001465,-0.5419015884399414,0.9608788477889061,0.017398720441046456,0.9501841474647166,-0.8252951205064,-0.5642570661928819,0.0387176976257986,0.013038139450037622,"[""joint_wheel_left"", ""joint_wheel_right""]","[0.0, 0.0]","[-0.1585509479045868, -0.1639859527349472]"
160,6.44,0.04,11_history_robot7_replay,11,11,False,0.9994874000549316,0.971957802772522,0.9994874000549316,0.971957802772522,False,False,7.916696071624756,13.36166763305664,-2.5226235074047016,7.8845906257629395,13.33784294128418,-2.4837452869048517,7.885120391845703,13.338122367858887,-2.4834458991127377,-1.3484839423238625e-05,-0.0015479698096145104,-0.00024015733110128816,-0.001696756523208672,-0.7893919944763184,-0.5886316299438477,0.9844632488578864,0.02142494718373572,0.979440207299098,-0.8026336550989494,-0.5956125238534427,0.014969116734863038,0.007482404526576003,"[""joint_wheel_left"", ""joint_wheel_right""]","[0.0, 0.0]","[-0.06418320536613464, -0.044821955263614655]"
161,6.48,0.04,11_history_robot7_replay,12,12,False,0.9995276927947998,0.9630410075187683,0.9995276927947998,0.9630410075187683,False,False,7.885120391845703,13.338122367858887,-2.4834458991127377,7.853967189788818,13.313063621520996,-2.4449245624895126,7.854372024536133,13.314117431640625,-2.4464526186383737,-0.00024015733110128816,-0.001696756523208672,-3.841631058203571e-05,-0.0017044872959053586,-0.7687091827392578,-0.600123405456543,0.9752132211479265,0.0045915904326666035,0.9248320118591004,-0.7788321811413289,-0.6264790836750544,0.028232904048398108,0.038208995659667955,"[""joint_wheel_left"", ""joint_wheel_right""]","[0.0, 0.0]","[-0.11687915027141571, 0.08513174206018448]"
162,6.5200000000000005,0.04,11_history_robot7_replay,13,13,False,0.9997940063476562,0.923869252204895,0.9997940063476562,0.923869252204895,False,False,7.854372024536133,13.314117431640625,-2.4464526186383737,7.824138164520264,13.28794002532959,-2.4094977639908035,7.824315071105957,13.287941932678223,-2.408396192934137,-3.841631058203571e-05,-0.0017044872959053586,0.0001494240218915114,-0.0016660707718146436,-0.7514238357543945,-0.6543874740600586,0.9961970563834868,0.021264336326986488,0.951410642605921,-0.7558432317755582,-0.6544379757530709,0.004419684560336255,0.02754139040102599,"[""joint_wheel_left"", ""joint_wheel_right""]","[0.0, 0.0]","[0.00920315831899643, -0.12542380392551422]"
163,6.5600000000000005,0.04,11_history_robot7_replay,14,14,False,0.9997876882553101,0.9182355403900146,0.9997876882553101,0.9182355403900146,False,False,7.824315071105957,13.287941932678223,-2.408396192934137,7.795096397399902,13.260636329650879,-2.371666854242926,7.798192977905273,13.263361930847168,-2.372912361445289,0.0001494240218915114,-0.0016660707718146436,-5.4796781838500444e-05,-0.0015911893633512731,-0.6530523300170898,-0.6145000457763672,0.8964963505485354,0.019543424803881382,0.8870957872211926,-0.7304687026505677,-0.682635258417622,0.1031295396741133,0.031139753168822004,"[""joint_wheel_left"", ""joint_wheel_right""]","[0.0, 0.0]","[-0.6790591478347778, -0.8130402565002441]"
164,6.6000000000000005,0.04,11_history_robot7_replay,15,15,False,0.9997949600219727,0.9326350688934326,0.9997949600219727,0.9326350688934326,False,False,7.798192977905273,13.263361930847168,-2.372912361445289,7.769969463348389,13.235029220581055,-2.3356070156304094,7.771873950958252,13.235326766967773,-2.3339218725726716,-5.4796781838500444e-05,-0.0015911893633512731,-0.00015783322789810113,-0.0016983677170448203,-0.6579756736755371,-0.7008790969848633,0.9602140012266992,0.046395771222244586,0.9747622218154395,-0.7055926226217568,-0.7083283228751261,0.04819610765726893,0.04212715292200686,"[""joint_wheel_left"", ""joint_wheel_right""]","[0.0, 0.0]","[-0.1692827343940735, -0.09062108397483826]"
165,6.640000000000001,0.04,11_history_robot7_replay,16,16,False,0.9997640252113342,0.9112415313720703,0.9997640252113342,0.9112415313720703,False,False,7.771873950958252,13.235326766967773,-2.3339218725726716,7.74476432800293,13.205927848815918,-2.2974722371358083,7.746138572692871,13.206459999084473,-2.2942761284794324,-0.00015783322789810113,-0.0016983677170448203,3.6199051676682183e-05,-0.0016282572461440137,-0.6433844566345215,-0.7216691970825195,0.9662321061441779,0.033845326306793044,0.9911436023309794,-0.6777388569906724,-0.7349817329918794,0.0368435670934384,0.07990207095890911,"[""joint_wheel_left"", ""joint_wheel_right""]","[0.0, 0.0]","[-0.17211347818374634, -0.3539137542247772]"
166,6.68,0.04,11_history_robot7_replay,17,17,False,0.9996081590652466,0.9364296793937683,0.9996081590652466,0.9364296793937683,False,False,7.746138572692871,13.206459999084473,-2.2942761284794324,7.7202348709106445,13.176000595092773,-2.256819057350454,7.721261024475098,13.175958633422852,-2.255608245936997,3.6199051676682183e-05,-0.0016282572461440137,-8.415812648160843e-05,-0.0016228803125771824,-0.6219387054443359,-0.7625341415405273,0.9832458516156981,0.038647970519109176,0.966697063560884,-0.6475904747676391,-0.7614742600114826,0.02567365611422664,0.03026738416711572,"[""joint_wheel_left"", ""joint_wheel_right""]","[0.0, 0.0]","[-0.1644885241985321, -0.009435504674911499]"
167,6.72,0.04,11_history_robot7_replay,18,18,False,0.9994272589683533,0.936364471912384,0.9994272589683533,0.936364471912384,False,False,7.721261024475098,13.175958633422852,-2.255608245936997,7.696558475494385,13.144526481628418,-2.2181537001812335,7.696896553039551,13.144635200500488,-2.2173197609115833,-8.415812648160843e-05,-0.0016228803125771824,-5.066391287523057e-05,-0.0016400546525681262,-0.6091117858886719,-0.783085823059082,0.9918096103348257,0.023542957165327227,0.9572121256353427,-0.6175583792011532,-0.7857967257805549,0.008870960046789939,0.020847653722958714,"[""joint_wheel_left"", ""joint_wheel_right""]","[0.0, 0.0]","[0.010286904871463776, 0.010442093014717102]"
168,6.76,0.04,11_history_robot7_replay,19,19,False,0.998834490776062,0.9640713334083557,0.998834490776062,0.9640713334083557,False,False,7.696896553039551,13.144635200500488,-2.2173197609115833,7.673447132110596,13.112286567687988,-2.178757215733876,7.673543453216553,13.112443923950195,-2.1798004459121643,-5.066391287523057e-05,-0.0016400546525681262,-9.800999328844923e-06,-0.0016230901366482812,-0.5838274955749512,-0.8047819137573242,0.9940697136926989,0.018811635206338162,0.9379828749854768,-0.5862299325834243,-0.8087056362528389,0.004600793605617277,0.02608845842287888,"[""joint_wheel_left"", ""joint_wheel_right""]","[0.0, 0.0]","[-0.015459232032299042, 0.01822575181722641]"
169,6.8,0.04,11_history_robot7_replay,20,20,False,0.9986258745193481,0.9046617150306702,0.9986258745193481,0.9046617150306702,False,False,7.673543453216553,13.112443923950195,-2.1798004459121643,7.651289463043213,13.079272270202637,-2.1436140167295212,7.6529059410095215,13.079527854919434,-2.1425655302344166,-9.800999328844923e-06,-0.0016230901366482812,0.00010620502886240006,-0.0016112830254998108,-0.5159378051757812,-0.822901725769043,0.97010159371881,0.04756014032250511,0.9308728919436904,-0.5563521336425226,-0.8292924337354981,0.04091648926447833,0.026211176913020218,"[""joint_wheel_left"", ""joint_wheel_right""]","[0.0, 0.0]","[-0.138197660446167, -0.09329039603471756]"
170,6.84,0.04,11_history_robot7_replay,21,21,False,0.20191997289657593,0.9881877899169922,0.20191997289657593,0.9881877899169922,False,False,7.6529059410095215,13.079527854919434,-2.1425655302344166,7.648670673370361,13.072650909423828,-2.1030381332258887,7.6485915184021,13.072513580322266,-2.1035828293642402,0.00010620502886240006,-0.0016112830254998108,-0.0012266028775051476,-0.0022321607902229005,-0.10786056518554688,-0.17535686492919922,0.20583105237905344,0.004184432634704374,0.9745675217544103,-0.10588599985743041,-0.1719297254367208,0.003955274116405193,0.013620268162581883,"[""joint_wheel_left"", ""joint_wheel_right""]","[0.0, 0.0]","[-0.1225268766283989, -0.02364567667245865]"
171,6.88,0.04,11_history_robot7_replay,22,22,False,0.9989802837371826,0.6644341945648193,0.9989802837371826,0.6644341945648193,False,False,7.6485915184021,13.072513580322266,-2.1035828293642402,7.628754138946533,13.037826538085938,-2.077005516106813,7.628942966461182,13.03781795501709,-2.076469515778927,-0.0012266028775051476,-0.0022321607902229005,9.10819178132539e-05,-0.0015404503542556455,-0.4912137985229492,-0.8673906326293945,0.9966709700788873,0.017449436511693117,0.6778328396328304,-0.49593804032768246,-0.8671834105029685,0.004728784372253583,0.013398645068011028,"[""joint_wheel_left"", ""joint_wheel_right""]","[0.0, 0.0]","[-0.15805958211421967, 0.12501086294651031]"
172,6.92,0.04,11_history_robot7_replay,23,23,False,0.9994165301322937,0.8839471936225891,0.9994165301322937,0.8839471936225891,False,False,7.628942966461182,13.03781795501709,-2.076469515778927,7.610199928283691,13.002507209777832,-2.0411115173002776,7.610060691833496,13.002240180969238,-2.041135265891049,9.10819178132539e-05,-0.0015404503542556455,-3.304891352390902e-05,-0.0015209777611423516,-0.47205686569213867,-0.8894443511962891,1.0067918177811375,0.017865440689395717,0.8833562471969536,-0.4685816363562906,-0.8827596789451446,0.007534060129967088,0.0005909464256355079,"[""joint_wheel_left"", ""joint_wheel_right""]","[0.0, 0.0]","[0.019334867596626282, -0.017428085207939148]"
173,6.96,0.04,11_history_robot7_replay,24,24,False,0.9995532631874084,0.9224867224693298,0.9995532631874084,0.9224867224693298,False,False,7.610060691833496,13.002240180969238,-2.041135265891049,7.592601776123047,12.96627140045166,-2.0042357746470203,7.593571186065674,12.966826438903809,-2.003977452866959,-3.304891352390902e-05,-0.0015209777611423516,-0.0009260206713819301,-0.0016239459042963849,-0.41223764419555664,-0.8853435516357422,0.9760296261036739,0.03375275815122403,0.9289453256022484,-0.43647081100703605,-0.8992218619937223,0.027925863856027917,0.006458603132918572,"[""joint_wheel_left"", ""joint_wheel_right""]","[0.0, 0.0]","[-0.11943989992141724, -0.1617431789636612]"
174,7.0,0.04,11_history_robot7_replay,25,25,False,0.9995163679122925,0.9119015336036682,0.9995163679122925,0.9119015336036682,False,False,7.593571186065674,12.966826438903809,-2.003977452866959,7.57745361328125,12.930238723754883,-1.9675015813567749,7.5777411460876465,12.930002212524414,-1.966342981997624,-0.0009260206713819301,-0.0016239459042963849,-0.0004440697825306183,-0.0017938693148833846,-0.3957509994506836,-0.9206056594848633,1.0016944769544525,0.02723616494150488,0.9408617717333756,-0.40294288500203873,-0.9146966716626966,0.00930802636794205,0.028960238129707383,"[""joint_wheel_left"", ""joint_wheel_right""]","[0.0, 0.0]","[-0.013775557279586792, -0.07744523882865906]"
175,7.04,0.04,11_history_robot7_replay,26,26,False,0.9990898370742798,0.8424018621444702,0.9990898370742798,0.8424018621444702,False,False,7.5777411460876465,12.930002212524414,-1.966342981997624,7.562966346740723,12.89286994934082,-1.9326470329803263,7.563593864440918,12.892666816711426,-1.9316188115199817,-0.0004440697825306183,-0.0017938693148833846,-0.0002184245421342661,-0.001696617629966031,-0.3536820411682129,-0.933384895324707,0.9975927579324667,0.0332721863712403,0.868104261941055,-0.3693751103825445,-0.928300883536687,0.016496047927504597,0.02570239979658484,"[""joint_wheel_left"", ""joint_wheel_right""]","[0.0, 0.0]","[0.08390241861343384, -0.07821013778448105]"
176,7.08,0.04,11_history_robot7_replay,27,27,False,0.9996492862701416,0.9270857572555542,0.9996492862701416,0.9270857572555542,False,False,7.563593864440918,12.892666816711426,-1.9316188115199817,7.550173282623291,12.855000495910645,-1.8945355590966115,7.55015754699707,12.854846000671387,-1.8949047510092556,-0.0002184245421342661,-0.001696617629966031,-0.0006374397887797495,-0.001937692306170442,-0.3359079360961914,-0.9455204010009766,1.0032255248519961,0.019532448051578777,0.917851512768153,-0.3355187167507008,-0.941661237521417,0.0038787413500864965,0.009234244487401178,"[""joint_wheel_left"", ""joint_wheel_right""]","[0.0, 0.0]","[0.04008658230304718, -0.01687982678413391]"
177,7.12,0.04,11_history_robot7_replay,28,28,False,0.9997239112854004,0.9241990447044373,0.9997239112854004,0.9241990447044373,False,False,7.55015754699707,12.854846000671387,-1.8949047510092556,7.538125514984131,12.816710472106934,-1.8579370067199537,7.538349628448486,12.816465377807617,-1.857181420731611,-0.0006374397887797495,-0.001937692306170442,-4.228878234232031e-05,-0.001657804262910644,-0.2951979637145996,-0.9595155715942383,1.0035682820143248,0.02574244059681524,0.943083256941113,-0.300805667996609,-0.9533959559893743,0.008300363995980003,0.01888421223667569,"[""joint_wheel_left"", ""joint_wheel_right""]","[0.0, 0.0]","[0.016688168048858643, 0.20940177142620087]"
178,7.16,0.04,11_history_robot7_replay,29,29,False,0.9997432231903076,0.9162804484367371,0.9997432231903076,0.9162804484367371,False,False,7.538349628448486,12.816465377807617,-1.857181420731611,7.5277581214904785,12.77790355682373,-1.8205303647877595,7.528231143951416,12.777613639831543,-1.8205520884687338,-4.228878234232031e-05,-0.001657804262910644,0.0014774309645779245,-0.002171968752474377,-0.2529621124267578,-0.9712934494018555,1.0031922897238335,0.03171789736118533,0.9157333065719309,-0.2647927136574934,-0.964039071360101,0.013877648441049785,0.0005471418648061999,"[""joint_wheel_left"", ""joint_wheel_right""]","[0.0, 0.0]","[0.04028746485710144, 0.07030100375413895]"
179,7.2,0.04,11_history_robot7_replay,30,30,False,0.999756932258606,0.9123274683952332,0.999756932258606,0.9123274683952332,False,False,7.528231143951416,12.777613639831543,-1.8205520884687338,7.519055366516113,12.738690376281738,-1.7840590382700896,7.519017696380615,12.73848819732666,-1.783820770183732,0.0014774309645779245,-0.002171968752474377,-1.2266376048753996e-05,-0.0013992643461139332,-0.23033618927001953,-0.9781360626220703,1.004718832770996,0.018573749339557577,0.9182829571250439,-0.2293909615488516,-0.9730846367910821,0.005139100930205476,0.005955488729810776,"[""joint_wheel_left"", ""joint_wheel_right""]","[0.0, 0.0]","[-0.05172141641378403, 0.02292110025882721]"
180,7.24,0.04,11_history_robot7_replay,31,31,False,0.0001398921012878418,0.22164976596832275,0.0001398921012878418,0.22164976596832275,False,False,7.519017696380615,12.73848819732666,-1.783820770183732,7.519016742706299,12.738482475280762,-1.7749548055153195,7.518951416015625,12.73827075958252,-1.776947526708596,-1.2266376048753996e-05,-0.0013992643461139332,-6.234012687426565e-05,-0.0013169627835480555,-0.0016570091247558594,-0.005435943603515625,0.005663389157392712,-0.000470303468043013,0.17183108687840454,-2.896914817401513e-05,-0.00013685974008743312,0.005543537134086293,0.049818679089918216,"[""joint_wheel_left"", ""joint_wheel_right""]","[0.0, 0.0]","[0.0014132782816886902, -0.053228095173835754]"
181,7.28,0.04,11_history_robot7_replay,32,32,False,0.0003173649311065674,0.5538715124130249,0.0003173649311065674,0.5538715124130249,False,False,7.518951416015625,12.73827075958252,-1.776947526708596,7.518949031829834,12.738258361816406,-1.754793088338411,7.518938064575195,12.73798942565918,-1.7557299934428043,-6.234012687426565e-05,-0.0013169627835480555,-3.698859513842991e-05,-0.0013577652262643952,-0.0003337860107421875,-0.007033348083496094,0.0069527479296830706,0.001112966572217303,0.5304383316447892,-6.151767104639418e-05,-0.0003113455887680182,0.006727514220566997,0.02343318076823575,"[""joint_wheel_left"", ""joint_wheel_right""]","[0.0, 0.0]","[0.03896256908774376, -0.046790264546871185]"
182,7.32,0.04,11_history_robot7_replay,33,33,False,0.00036597251892089844,0.6196383237838745,0.00036597251892089844,0.6196383237838745,False,False,7.518938064575195,12.73798942565918,-1.7557299934428043,7.518935680389404,12.737975120544434,-1.7309445970165904,7.518884181976318,12.737679481506348,-1.7312924463222423,-3.698859513842991e-05,-0.0013577652262643952,-2.043683527429757e-05,-0.001472230362227821,-0.0013470649719238281,-0.007748603820800781,0.00786417821819775,0.00010072816257963944,0.6109386780140502,-6.283238450476793e-05,-0.00036053845295994764,0.0074988507931601205,0.008699645769824293,"[""joint_wheel_left"", ""joint_wheel_right""]","[0.0, 0.0]","[-0.0071020349860191345, 0.00045099854469299316]"
183,7.36,0.04,11_history_robot7_replay,34,34,False,0.0005659162998199463,0.727199912071228,0.0005659162998199463,0.727199912071228,False,False,7.518884181976318,12.737679481506348,-1.7312924463222423,7.518880844116211,12.73765754699707,-1.7022045261083052,7.518852710723877,12.737354278564453,-1.702609276195641,-2.043683527429757e-05,-0.001472230362227821,-1.579105881456933e-05,-0.0015419402165864748,-0.0007867813110351562,-0.008130073547363281,0.008151320749884308,0.000522580854448277,0.7170792531650316,-8.230375054654665e-05,-0.0005598994115444944,0.007602882682236502,0.0101206589061964,"[""joint_wheel_left"", ""joint_wheel_right""]","[0.0, 0.0]","[-0.030391424894332886, 0.018318071961402893]"
184,7.4,0.04,11_history_robot7_replay,35,35,False,0.0007165074348449707,0.7449230551719666,0.0007165074348449707,0.7449230551719666,False,False,7.518852710723877,12.737354278564453,-1.702609276195641,7.5188493728637695,12.737325668334961,-1.6728124082701548,7.5188212394714355,12.736991882324219,-1.674576102780353,-1.579105881456933e-05,-0.0015419402165864748,-2.9464471259960577e-05,-0.0015731442484953257,-0.0007867813110351562,-0.009059906005859375,0.009084721444411624,0.00041080158695962665,0.7008293353822026,-8.357938827891116e-05,-0.0007116160411647864,0.008377854037806368,0.04409371978976395,"[""joint_wheel_left"", ""joint_wheel_right""]","[0.0, 0.0]","[0.11680882424116135, -0.04974120855331421]"
185,7.44,0.04,11_history_robot7_replay,36,36,False,0.0015437006950378418,0.8236955404281616,0.0015437006950378418,0.8236955404281616,False,False,7.5188212394714355,12.736991882324219,-1.674576102780353,7.518815994262695,12.736929893493652,-1.6416282957624733,7.5187153816223145,12.736720085144043,-1.6430393229114457,-2.9464471259960577e-05,-0.0015731442484953257,-2.7437744552934e-05,-0.0008463034285281655,-0.0026464462280273438,-0.006794929504394531,0.007032525675604054,-0.00192829645788743,0.788419496722681,-0.00013460297487693604,-0.0015378211453269182,0.00582636634853798,0.03527604370548065,"[""joint_wheel_left"", ""joint_wheel_right""]","[0.0, 0.0]","[0.06858474016189575, 0.02306923270225525]"
186,7.48,0.04,11_history_robot7_replay,37,37,False,0.0015210211277008057,0.8174372911453247,0.0015210211277008057,0.8174372911453247,False,False,7.5187153816223145,12.736720085144043,-1.6430393229114457,7.518712043762207,12.736659049987793,-1.610342051384704,7.518783092498779,12.736374855041504,-1.6109612228722734,-2.7437744552934e-05,-0.0008463034285281655,-1.6447594551186143e-05,-0.001594401252188125,0.0016927719116210938,-0.008630752563476562,0.008486055621794856,0.0023113257106116623,0.8019525009793083,-8.497207498664981e-05,-0.0015186457840407333,0.0073309233063794275,0.015484790166016449,"[""joint_wheel_left"", ""joint_wheel_right""]","[0.0, 0.0]","[0.0014233142137527466, -0.029230110347270966]"
187,7.5200000000000005,0.04,11_history_robot7_replay,38,38,False,0.0030270814895629883,0.8492881059646606,0.0030270814895629883,0.8492881059646606,False,False,7.518783092498779,12.736374855041504,-1.6109612228722734,7.51878023147583,12.73625373840332,-1.5769898463911889,7.518874645233154,12.735990524291992,-1.5784107468886586,-1.6447594551186143e-05,-0.001594401252188125,1.968097373344164e-05,-0.0014303423414798529,0.002288818359375,-0.009608268737792969,0.009508614223077246,0.0026727837878427188,0.8137618995903706,-7.015884455474381e-05,-0.0030262683425277444,0.006991959857717417,0.03552620637429005,"[""joint_wheel_left"", ""joint_wheel_right""]","[0.0, 0.0]","[0.054882388561964035, -0.07763750851154327]"
188,7.5600000000000005,0.04,11_history_robot7_replay,39,39,False,0.0049113929271698,0.8609153032302856,0.0049113929271698,0.8609153032302856,False,False,7.518874645233154,12.735990524291992,-1.5784107468886586,7.518876552581787,12.735794067382812,-1.5439742171935429,7.518943786621094,12.735578536987305,-1.5444919339583416,1.968097373344164e-05,-0.0014303423414798529,-1.8950285215831597e-05,-0.001315290031724885,0.0017285346984863281,-0.0102996826171875,0.010286222371799289,0.0018069099414639886,0.8479703232579239,4.716773253971807e-05,-0.004911166428666473,0.005644741055897046,0.01294497997236177,"[""joint_wheel_left"", ""joint_wheel_right""]","[0.0, 0.0]","[-9.437650442123413e-05, -0.006808683276176453]"
189,7.6000000000000005,0.04,11_history_robot7_replay,40,40,False,0.007986664772033691,0.874698281288147,0.007986664772033691,0.874698281288147,False,False,7.518943786621094,12.735578536987305,-1.5444919339583416,7.518957614898682,12.735259056091309,-1.50950408330856,7.518881320953369,12.734915733337402,-1.5099651186120888,-1.8950285215831597e-05,-0.001315290031724885,6.268873516043525e-05,-0.0015782772281547333,-0.0015616416931152344,-0.016570091247558594,0.016523285680753567,-0.001996917384945581,0.8631703836563196,0.00034969097976427795,-0.007979005602173461,0.008801133174356539,0.011527897631827377,"[""joint_wheel_left"", ""joint_wheel_right""]","[0.0, 0.0]","[-0.13669447600841522, 0.06757801026105881]"
190,7.640000000000001,0.04,11_history_robot7_replay,41,41,False,0.005791366100311279,0.8687077164649963,0.005791366100311279,0.8687077164649963,False,False,7.518881320953369,12.734915733337402,-1.5099651186120888,7.518899440765381,12.734684944152832,-1.4752169621001825,7.518932819366455,12.734381675720215,-1.4755201404080398,6.268873516043525e-05,-0.0015782772281547333,-7.195197498147408e-05,-0.0015593420150748244,0.0012874603271484375,-0.0133514404296875,0.01340501444623668,0.0004733955403898589,0.8611244551012254,0.0004524543482758488,-0.0057736648993997695,0.007623641975603292,0.007583261363770966,"[""joint_wheel_left"", ""joint_wheel_right""]","[0.0, 0.0]","[-0.0014067143201828003, 0.03616250306367874]"
191,7.68,0.04,11_history_robot7_replay,42,42,False,0.016003280878067017,0.8902425169944763,0.016003280878067017,0.8902425169944763,False,False,7.518932819366455,12.734381675720215,-1.4755201404080398,7.519004821777344,12.733745574951172,-1.4399104054130771,7.5189433097839355,12.733197212219238,-1.4413570056294307,-7.195197498147408e-05,-0.0015593420150748244,-0.0010692414555437165,-0.002066596342016552,0.00026226043701171875,-0.029611587524414062,0.02950223819198721,-0.002555941688714203,0.8540783694652274,0.0018058132578489562,-0.01590107032058164,0.013797131488367406,0.0361641475292489,"[""joint_wheel_left"", ""joint_wheel_right""]","[0.0, 0.0]","[0.11300298571586609, -0.1726873219013214]"
